-- ==========================================
-- 003_seed_data.sql
-- Expanded production seed data for RK Coaching LMS
-- ==========================================

-- 1. Clean legacy classes
DELETE FROM public.classes WHERE id NOT IN ('c6', 'c7', 'c8', 'c9', 'c10', 'c11s', 'c12s', 'neet', 'bpharma', 'nursing');

-- 2. Seed Academic Standards (Classes)
INSERT INTO public.classes (id, name, slug, priority)
VALUES
  ('c6', 'Class 6', 'class-6', 1),
  ('c7', 'Class 7', 'class-7', 2),
  ('c8', 'Class 8', 'class-8', 3),
  ('c9', 'Class 9', 'class-9', 4),
  ('c10', 'Class 10', 'class-10', 5),
  ('c11s', 'Class 11 Science', 'class-11-science', 6),
  ('c12s', 'Class 12 Science', 'class-12-science', 7),
  ('neet', 'NEET (Biology & Chemistry)', 'neet', 8),
  ('bpharma', 'B.Pharm Entrance Preparation', 'b-pharm-preparation', 9),
  ('nursing', 'Nursing Entrance Preparation', 'nursing-preparation', 10)
ON CONFLICT (id) DO UPDATE SET name = EXCLUDED.name, slug = EXCLUDED.slug, priority = EXCLUDED.priority;

-- 3. Seed Subjects
INSERT INTO public.subjects (id, "classId", name, icon, description)
VALUES
  ('sub_c6_english', 'c6', 'English', 'BookOpen', 'Class 6 English: English grammar, reading comprehension, and prose.'),
  ('sub_c6_hindi', 'c6', 'Hindi', 'Book', 'Class 6 Hindi: Hindi language, grammar, reading comprehension, and literature.'),
  ('sub_c6_assamese', 'c6', 'Assamese', 'Book', 'Class 6 Assamese: Assamese language, culture, grammar, and literature.'),
  ('sub_c6_generalmathematics', 'c6', 'General Mathematics', 'Calculator', 'Class 6 General Mathematics: Mathematics foundations, numbers, geometry, and equations.'),
  ('sub_c6_generalscience', 'c6', 'General Science', 'Beaker', 'Class 6 General Science: Basic science, chemical reactions, life processes, and physical phenomena.'),
  ('sub_c6_socialscience', 'c6', 'Social Science', 'Globe', 'Class 6 Social Science: Geography, history, civics, and economics.'),
  ('sub_c7_english', 'c7', 'English', 'BookOpen', 'Class 7 English: English grammar, reading comprehension, and prose.'),
  ('sub_c7_hindi', 'c7', 'Hindi', 'Book', 'Class 7 Hindi: Hindi language, grammar, reading comprehension, and literature.'),
  ('sub_c7_assamese', 'c7', 'Assamese', 'Book', 'Class 7 Assamese: Assamese language, culture, grammar, and literature.'),
  ('sub_c7_generalmathematics', 'c7', 'General Mathematics', 'Calculator', 'Class 7 General Mathematics: Mathematics foundations, numbers, geometry, and equations.'),
  ('sub_c7_generalscience', 'c7', 'General Science', 'Beaker', 'Class 7 General Science: Basic science, chemical reactions, life processes, and physical phenomena.'),
  ('sub_c7_socialscience', 'c7', 'Social Science', 'Globe', 'Class 7 Social Science: Geography, history, civics, and economics.'),
  ('sub_c8_english', 'c8', 'English', 'BookOpen', 'Class 8 English: English grammar, reading comprehension, and prose.'),
  ('sub_c8_hindi', 'c8', 'Hindi', 'Book', 'Class 8 Hindi: Hindi language, grammar, reading comprehension, and literature.'),
  ('sub_c8_assamese', 'c8', 'Assamese', 'Book', 'Class 8 Assamese: Assamese language, culture, grammar, and literature.'),
  ('sub_c8_generalmathematics', 'c8', 'General Mathematics', 'Calculator', 'Class 8 General Mathematics: Mathematics foundations, numbers, geometry, and equations.'),
  ('sub_c8_generalscience', 'c8', 'General Science', 'Beaker', 'Class 8 General Science: Basic science, chemical reactions, life processes, and physical phenomena.'),
  ('sub_c8_socialscience', 'c8', 'Social Science', 'Globe', 'Class 8 Social Science: Geography, history, civics, and economics.'),
  ('sub_c9_english', 'c9', 'English', 'BookOpen', 'Class 9 English: English grammar, reading comprehension, and prose.'),
  ('sub_c9_hindi', 'c9', 'Hindi', 'Book', 'Class 9 Hindi: Hindi language, grammar, reading comprehension, and literature.'),
  ('sub_c9_assamese', 'c9', 'Assamese', 'Book', 'Class 9 Assamese: Assamese language, culture, grammar, and literature.'),
  ('sub_c9_generalmathematics', 'c9', 'General Mathematics', 'Calculator', 'Class 9 General Mathematics: Mathematics foundations, numbers, geometry, and equations.'),
  ('sub_c9_generalscience', 'c9', 'General Science', 'Beaker', 'Class 9 General Science: Basic science, chemical reactions, life processes, and physical phenomena.'),
  ('sub_c9_socialscience', 'c9', 'Social Science', 'Globe', 'Class 9 Social Science: Geography, history, civics, and economics.'),
  ('sub_c10_english', 'c10', 'English', 'BookOpen', 'Class 10 English: English grammar, reading comprehension, and prose.'),
  ('sub_c10_hindi', 'c10', 'Hindi', 'Book', 'Class 10 Hindi: Hindi language, grammar, reading comprehension, and literature.'),
  ('sub_c10_assamese', 'c10', 'Assamese', 'Book', 'Class 10 Assamese: Assamese language, culture, grammar, and literature.'),
  ('sub_c10_generalmathematics', 'c10', 'General Mathematics', 'Calculator', 'Class 10 General Mathematics: Mathematics foundations, numbers, geometry, and equations.'),
  ('sub_c10_generalscience', 'c10', 'General Science', 'Beaker', 'Class 10 General Science: Basic science, chemical reactions, life processes, and physical phenomena.'),
  ('sub_c10_socialscience', 'c10', 'Social Science', 'Globe', 'Class 10 Social Science: Geography, history, civics, and economics.'),
  ('sub_c11s_physics', 'c11s', 'Physics', 'Atom', 'Class 11 Science Physics: Advanced physical mechanics, laws, thermodynamics and optics.'),
  ('sub_c11s_chemistry', 'c11s', 'Chemistry', 'FlaskConical', 'Class 11 Science Chemistry: Physical, organic, and inorganic chemistry principles.'),
  ('sub_c11s_biology', 'c11s', 'Biology', 'Dna', 'Class 11 Science Biology: Detailed botany, zoology, human physiology and genetics.'),
  ('sub_c11s_mathematics', 'c11s', 'Mathematics', 'Calculator', 'Class 11 Science Mathematics: Advanced mathematics, calculus, vectors, algebra.'),
  ('sub_c11s_english', 'c11s', 'English', 'BookOpen', 'Class 11 Science English: English core curriculum, reading, writing, and literature.'),
  ('sub_c12s_physics', 'c12s', 'Physics', 'Atom', 'Class 12 Science Physics: Advanced physical mechanics, laws, thermodynamics and optics.'),
  ('sub_c12s_chemistry', 'c12s', 'Chemistry', 'FlaskConical', 'Class 12 Science Chemistry: Physical, organic, and inorganic chemistry principles.'),
  ('sub_c12s_biology', 'c12s', 'Biology', 'Dna', 'Class 12 Science Biology: Detailed botany, zoology, human physiology and genetics.'),
  ('sub_c12s_mathematics', 'c12s', 'Mathematics', 'Calculator', 'Class 12 Science Mathematics: Advanced mathematics, calculus, vectors, algebra.'),
  ('sub_c12s_english', 'c12s', 'English', 'BookOpen', 'Class 12 Science English: English core curriculum, reading, writing, and literature.'),
  ('sub_neet_biology', 'neet', 'Biology', 'Dna', 'NEET (Biology & Chemistry) Biology: High-yield Zoology and Botany concepts, cell cycles, and anatomy.'),
  ('sub_neet_chemistry', 'neet', 'Chemistry', 'FlaskConical', 'NEET (Biology & Chemistry) Chemistry: Inorganic, Organic, and Physical Chemistry modules optimized for NEET.'),
  ('sub_neet_physics', 'neet', 'Physics', 'Atom', 'NEET (Biology & Chemistry) Physics: NEET high-yield physics, mechanics, thermodynamics, electromagnetism.'),
  ('sub_bpharma_physics', 'bpharma', 'Physics', 'Atom', 'B.Pharm Entrance Preparation Physics: Physics concepts applicable to B.Pharm entrance exams.'),
  ('sub_bpharma_chemistry', 'bpharma', 'Chemistry', 'FlaskConical', 'B.Pharm Entrance Preparation Chemistry: Organic, inorganic, and physical chemistry for pharmacy entrance.'),
  ('sub_bpharma_biology', 'bpharma', 'Biology', 'Dna', 'B.Pharm Entrance Preparation Biology: Biology, zoology, botany foundations for pharmacy entrance.'),
  ('sub_bpharma_mathematics', 'bpharma', 'Mathematics', 'Calculator', 'B.Pharm Entrance Preparation Mathematics: Mathematics and algebra concepts for pharmacy entrance.'),
  ('sub_nursing_biology', 'nursing', 'Biology', 'Dna', 'Nursing Entrance Preparation Biology: Biology, zoology, botany foundations for nursing entrance.'),
  ('sub_nursing_chemistry', 'nursing', 'Chemistry', 'FlaskConical', 'Nursing Entrance Preparation Chemistry: Chemistry foundations for nursing entrance.'),
  ('sub_nursing_physics', 'nursing', 'Physics', 'Atom', 'Nursing Entrance Preparation Physics: Physics foundations for nursing entrance.'),
  ('sub_nursing_english', 'nursing', 'English', 'BookOpen', 'Nursing Entrance Preparation English: General English grammar and comprehension for nursing entrance.')
ON CONFLICT (id) DO UPDATE SET "classId" = EXCLUDED."classId", name = EXCLUDED.name, icon = EXCLUDED.icon, description = EXCLUDED.description;

-- 4. Seed Courses
INSERT INTO public.courses (id, "classId", "subjectId", title, subtitle, description, "thumbnailUrl", "isPremium", price, "discountPrice")
VALUES
  ('course_c6_english', 'c6', 'sub_c6_english', 'Class 6 English Masterclass', 'Unlock high-yield handwritten notes, video lectures, and revision test papers.', 'Comprehensive prep course covering the full syllabus of Class 6 English.', 'https://images.unsplash.com/photo-1453733190148-c44698c26588?auto=format&fit=crop&w=500&q=80', false, 0, 0),
  ('course_c6_hindi', 'c6', 'sub_c6_hindi', 'Class 6 Hindi Masterclass', 'Unlock high-yield handwritten notes, video lectures, and revision test papers.', 'Comprehensive prep course covering the full syllabus of Class 6 Hindi.', 'https://images.unsplash.com/photo-1453733190148-c44698c26588?auto=format&fit=crop&w=500&q=80', true, 499, 199),
  ('course_c6_assamese', 'c6', 'sub_c6_assamese', 'Class 6 Assamese Masterclass', 'Unlock high-yield handwritten notes, video lectures, and revision test papers.', 'Comprehensive prep course covering the full syllabus of Class 6 Assamese.', 'https://images.unsplash.com/photo-1453733190148-c44698c26588?auto=format&fit=crop&w=500&q=80', false, 0, 0),
  ('course_c6_generalmathematics', 'c6', 'sub_c6_generalmathematics', 'Class 6 General Mathematics Masterclass', 'Unlock high-yield handwritten notes, video lectures, and revision test papers.', 'Comprehensive prep course covering the full syllabus of Class 6 General Mathematics.', 'https://images.unsplash.com/photo-1453733190148-c44698c26588?auto=format&fit=crop&w=500&q=80', true, 499, 199),
  ('course_c6_generalscience', 'c6', 'sub_c6_generalscience', 'Class 6 General Science Masterclass', 'Unlock high-yield handwritten notes, video lectures, and revision test papers.', 'Comprehensive prep course covering the full syllabus of Class 6 General Science.', 'https://images.unsplash.com/photo-1453733190148-c44698c26588?auto=format&fit=crop&w=500&q=80', false, 0, 0),
  ('course_c6_socialscience', 'c6', 'sub_c6_socialscience', 'Class 6 Social Science Masterclass', 'Unlock high-yield handwritten notes, video lectures, and revision test papers.', 'Comprehensive prep course covering the full syllabus of Class 6 Social Science.', 'https://images.unsplash.com/photo-1453733190148-c44698c26588?auto=format&fit=crop&w=500&q=80', true, 499, 199),
  ('course_c7_english', 'c7', 'sub_c7_english', 'Class 7 English Masterclass', 'Unlock high-yield handwritten notes, video lectures, and revision test papers.', 'Comprehensive prep course covering the full syllabus of Class 7 English.', 'https://images.unsplash.com/photo-1453733190148-c44698c26588?auto=format&fit=crop&w=500&q=80', false, 0, 0),
  ('course_c7_hindi', 'c7', 'sub_c7_hindi', 'Class 7 Hindi Masterclass', 'Unlock high-yield handwritten notes, video lectures, and revision test papers.', 'Comprehensive prep course covering the full syllabus of Class 7 Hindi.', 'https://images.unsplash.com/photo-1453733190148-c44698c26588?auto=format&fit=crop&w=500&q=80', true, 499, 199),
  ('course_c7_assamese', 'c7', 'sub_c7_assamese', 'Class 7 Assamese Masterclass', 'Unlock high-yield handwritten notes, video lectures, and revision test papers.', 'Comprehensive prep course covering the full syllabus of Class 7 Assamese.', 'https://images.unsplash.com/photo-1453733190148-c44698c26588?auto=format&fit=crop&w=500&q=80', false, 0, 0),
  ('course_c7_generalmathematics', 'c7', 'sub_c7_generalmathematics', 'Class 7 General Mathematics Masterclass', 'Unlock high-yield handwritten notes, video lectures, and revision test papers.', 'Comprehensive prep course covering the full syllabus of Class 7 General Mathematics.', 'https://images.unsplash.com/photo-1453733190148-c44698c26588?auto=format&fit=crop&w=500&q=80', true, 499, 199),
  ('course_c7_generalscience', 'c7', 'sub_c7_generalscience', 'Class 7 General Science Masterclass', 'Unlock high-yield handwritten notes, video lectures, and revision test papers.', 'Comprehensive prep course covering the full syllabus of Class 7 General Science.', 'https://images.unsplash.com/photo-1453733190148-c44698c26588?auto=format&fit=crop&w=500&q=80', false, 0, 0),
  ('course_c7_socialscience', 'c7', 'sub_c7_socialscience', 'Class 7 Social Science Masterclass', 'Unlock high-yield handwritten notes, video lectures, and revision test papers.', 'Comprehensive prep course covering the full syllabus of Class 7 Social Science.', 'https://images.unsplash.com/photo-1453733190148-c44698c26588?auto=format&fit=crop&w=500&q=80', true, 499, 199),
  ('course_c8_english', 'c8', 'sub_c8_english', 'Class 8 English Masterclass', 'Unlock high-yield handwritten notes, video lectures, and revision test papers.', 'Comprehensive prep course covering the full syllabus of Class 8 English.', 'https://images.unsplash.com/photo-1453733190148-c44698c26588?auto=format&fit=crop&w=500&q=80', false, 0, 0),
  ('course_c8_hindi', 'c8', 'sub_c8_hindi', 'Class 8 Hindi Masterclass', 'Unlock high-yield handwritten notes, video lectures, and revision test papers.', 'Comprehensive prep course covering the full syllabus of Class 8 Hindi.', 'https://images.unsplash.com/photo-1453733190148-c44698c26588?auto=format&fit=crop&w=500&q=80', true, 499, 199),
  ('course_c8_assamese', 'c8', 'sub_c8_assamese', 'Class 8 Assamese Masterclass', 'Unlock high-yield handwritten notes, video lectures, and revision test papers.', 'Comprehensive prep course covering the full syllabus of Class 8 Assamese.', 'https://images.unsplash.com/photo-1453733190148-c44698c26588?auto=format&fit=crop&w=500&q=80', false, 0, 0),
  ('course_c8_generalmathematics', 'c8', 'sub_c8_generalmathematics', 'Class 8 General Mathematics Masterclass', 'Unlock high-yield handwritten notes, video lectures, and revision test papers.', 'Comprehensive prep course covering the full syllabus of Class 8 General Mathematics.', 'https://images.unsplash.com/photo-1453733190148-c44698c26588?auto=format&fit=crop&w=500&q=80', true, 499, 199),
  ('course_c8_generalscience', 'c8', 'sub_c8_generalscience', 'Class 8 General Science Masterclass', 'Unlock high-yield handwritten notes, video lectures, and revision test papers.', 'Comprehensive prep course covering the full syllabus of Class 8 General Science.', 'https://images.unsplash.com/photo-1453733190148-c44698c26588?auto=format&fit=crop&w=500&q=80', false, 0, 0),
  ('course_c8_socialscience', 'c8', 'sub_c8_socialscience', 'Class 8 Social Science Masterclass', 'Unlock high-yield handwritten notes, video lectures, and revision test papers.', 'Comprehensive prep course covering the full syllabus of Class 8 Social Science.', 'https://images.unsplash.com/photo-1453733190148-c44698c26588?auto=format&fit=crop&w=500&q=80', true, 499, 199),
  ('course_c9_english', 'c9', 'sub_c9_english', 'Class 9 English Masterclass', 'Unlock high-yield handwritten notes, video lectures, and revision test papers.', 'Comprehensive prep course covering the full syllabus of Class 9 English.', 'https://images.unsplash.com/photo-1453733190148-c44698c26588?auto=format&fit=crop&w=500&q=80', false, 0, 0),
  ('course_c9_hindi', 'c9', 'sub_c9_hindi', 'Class 9 Hindi Masterclass', 'Unlock high-yield handwritten notes, video lectures, and revision test papers.', 'Comprehensive prep course covering the full syllabus of Class 9 Hindi.', 'https://images.unsplash.com/photo-1453733190148-c44698c26588?auto=format&fit=crop&w=500&q=80', true, 499, 199),
  ('course_c9_assamese', 'c9', 'sub_c9_assamese', 'Class 9 Assamese Masterclass', 'Unlock high-yield handwritten notes, video lectures, and revision test papers.', 'Comprehensive prep course covering the full syllabus of Class 9 Assamese.', 'https://images.unsplash.com/photo-1453733190148-c44698c26588?auto=format&fit=crop&w=500&q=80', false, 0, 0),
  ('course_c9_generalmathematics', 'c9', 'sub_c9_generalmathematics', 'Class 9 General Mathematics Masterclass', 'Unlock high-yield handwritten notes, video lectures, and revision test papers.', 'Comprehensive prep course covering the full syllabus of Class 9 General Mathematics.', 'https://images.unsplash.com/photo-1453733190148-c44698c26588?auto=format&fit=crop&w=500&q=80', true, 499, 199),
  ('course_c9_generalscience', 'c9', 'sub_c9_generalscience', 'Class 9 General Science Masterclass', 'Unlock high-yield handwritten notes, video lectures, and revision test papers.', 'Comprehensive prep course covering the full syllabus of Class 9 General Science.', 'https://images.unsplash.com/photo-1453733190148-c44698c26588?auto=format&fit=crop&w=500&q=80', false, 0, 0),
  ('course_c9_socialscience', 'c9', 'sub_c9_socialscience', 'Class 9 Social Science Masterclass', 'Unlock high-yield handwritten notes, video lectures, and revision test papers.', 'Comprehensive prep course covering the full syllabus of Class 9 Social Science.', 'https://images.unsplash.com/photo-1453733190148-c44698c26588?auto=format&fit=crop&w=500&q=80', true, 499, 199),
  ('course_c10_english', 'c10', 'sub_c10_english', 'Class 10 English Masterclass', 'Unlock high-yield handwritten notes, video lectures, and revision test papers.', 'Comprehensive prep course covering the full syllabus of Class 10 English.', 'https://images.unsplash.com/photo-1453733190148-c44698c26588?auto=format&fit=crop&w=500&q=80', false, 0, 0),
  ('course_c10_hindi', 'c10', 'sub_c10_hindi', 'Class 10 Hindi Masterclass', 'Unlock high-yield handwritten notes, video lectures, and revision test papers.', 'Comprehensive prep course covering the full syllabus of Class 10 Hindi.', 'https://images.unsplash.com/photo-1453733190148-c44698c26588?auto=format&fit=crop&w=500&q=80', true, 499, 199),
  ('course_c10_assamese', 'c10', 'sub_c10_assamese', 'Class 10 Assamese Masterclass', 'Unlock high-yield handwritten notes, video lectures, and revision test papers.', 'Comprehensive prep course covering the full syllabus of Class 10 Assamese.', 'https://images.unsplash.com/photo-1453733190148-c44698c26588?auto=format&fit=crop&w=500&q=80', false, 0, 0),
  ('course_c10_generalmathematics', 'c10', 'sub_c10_generalmathematics', 'Class 10 General Mathematics Masterclass', 'Unlock high-yield handwritten notes, video lectures, and revision test papers.', 'Comprehensive prep course covering the full syllabus of Class 10 General Mathematics.', 'https://images.unsplash.com/photo-1453733190148-c44698c26588?auto=format&fit=crop&w=500&q=80', true, 499, 199),
  ('course_c10_generalscience', 'c10', 'sub_c10_generalscience', 'Class 10 General Science Masterclass', 'Unlock high-yield handwritten notes, video lectures, and revision test papers.', 'Comprehensive prep course covering the full syllabus of Class 10 General Science.', 'https://images.unsplash.com/photo-1453733190148-c44698c26588?auto=format&fit=crop&w=500&q=80', false, 0, 0),
  ('course_c10_socialscience', 'c10', 'sub_c10_socialscience', 'Class 10 Social Science Masterclass', 'Unlock high-yield handwritten notes, video lectures, and revision test papers.', 'Comprehensive prep course covering the full syllabus of Class 10 Social Science.', 'https://images.unsplash.com/photo-1453733190148-c44698c26588?auto=format&fit=crop&w=500&q=80', true, 499, 199),
  ('course_c11s_physics', 'c11s', 'sub_c11s_physics', 'Class 11 Science Physics Masterclass', 'Unlock high-yield handwritten notes, video lectures, and revision test papers.', 'Comprehensive prep course covering the full syllabus of Class 11 Science Physics.', 'https://images.unsplash.com/photo-1453733190148-c44698c26588?auto=format&fit=crop&w=500&q=80', false, 0, 0),
  ('course_c11s_chemistry', 'c11s', 'sub_c11s_chemistry', 'Class 11 Science Chemistry Masterclass', 'Unlock high-yield handwritten notes, video lectures, and revision test papers.', 'Comprehensive prep course covering the full syllabus of Class 11 Science Chemistry.', 'https://images.unsplash.com/photo-1453733190148-c44698c26588?auto=format&fit=crop&w=500&q=80', true, 499, 199),
  ('course_c11s_biology', 'c11s', 'sub_c11s_biology', 'Class 11 Science Biology Masterclass', 'Unlock high-yield handwritten notes, video lectures, and revision test papers.', 'Comprehensive prep course covering the full syllabus of Class 11 Science Biology.', 'https://images.unsplash.com/photo-1453733190148-c44698c26588?auto=format&fit=crop&w=500&q=80', false, 0, 0),
  ('course_c11s_mathematics', 'c11s', 'sub_c11s_mathematics', 'Class 11 Science Mathematics Masterclass', 'Unlock high-yield handwritten notes, video lectures, and revision test papers.', 'Comprehensive prep course covering the full syllabus of Class 11 Science Mathematics.', 'https://images.unsplash.com/photo-1453733190148-c44698c26588?auto=format&fit=crop&w=500&q=80', true, 499, 199),
  ('course_c11s_english', 'c11s', 'sub_c11s_english', 'Class 11 Science English Masterclass', 'Unlock high-yield handwritten notes, video lectures, and revision test papers.', 'Comprehensive prep course covering the full syllabus of Class 11 Science English.', 'https://images.unsplash.com/photo-1453733190148-c44698c26588?auto=format&fit=crop&w=500&q=80', false, 0, 0),
  ('course_c12s_physics', 'c12s', 'sub_c12s_physics', 'Class 12 Science Physics Masterclass', 'Unlock high-yield handwritten notes, video lectures, and revision test papers.', 'Comprehensive prep course covering the full syllabus of Class 12 Science Physics.', 'https://images.unsplash.com/photo-1453733190148-c44698c26588?auto=format&fit=crop&w=500&q=80', false, 0, 0),
  ('course_c12s_chemistry', 'c12s', 'sub_c12s_chemistry', 'Class 12 Science Chemistry Masterclass', 'Unlock high-yield handwritten notes, video lectures, and revision test papers.', 'Comprehensive prep course covering the full syllabus of Class 12 Science Chemistry.', 'https://images.unsplash.com/photo-1453733190148-c44698c26588?auto=format&fit=crop&w=500&q=80', true, 499, 199),
  ('course_c12s_biology', 'c12s', 'sub_c12s_biology', 'Class 12 Science Biology Masterclass', 'Unlock high-yield handwritten notes, video lectures, and revision test papers.', 'Comprehensive prep course covering the full syllabus of Class 12 Science Biology.', 'https://images.unsplash.com/photo-1453733190148-c44698c26588?auto=format&fit=crop&w=500&q=80', false, 0, 0),
  ('course_c12s_mathematics', 'c12s', 'sub_c12s_mathematics', 'Class 12 Science Mathematics Masterclass', 'Unlock high-yield handwritten notes, video lectures, and revision test papers.', 'Comprehensive prep course covering the full syllabus of Class 12 Science Mathematics.', 'https://images.unsplash.com/photo-1453733190148-c44698c26588?auto=format&fit=crop&w=500&q=80', true, 499, 199),
  ('course_c12s_english', 'c12s', 'sub_c12s_english', 'Class 12 Science English Masterclass', 'Unlock high-yield handwritten notes, video lectures, and revision test papers.', 'Comprehensive prep course covering the full syllabus of Class 12 Science English.', 'https://images.unsplash.com/photo-1453733190148-c44698c26588?auto=format&fit=crop&w=500&q=80', false, 0, 0),
  ('course_neet_biology', 'neet', 'sub_neet_biology', 'NEET (Biology & Chemistry) Biology Masterclass', 'Unlock high-yield handwritten notes, video lectures, and revision test papers.', 'Comprehensive prep course covering the full syllabus of NEET (Biology & Chemistry) Biology.', 'https://images.unsplash.com/photo-1530026405186-ed1ea0ac7a63?auto=format&fit=crop&w=500&q=80', true, 499, 199),
  ('course_neet_chemistry', 'neet', 'sub_neet_chemistry', 'NEET (Biology & Chemistry) Chemistry Masterclass', 'Unlock high-yield handwritten notes, video lectures, and revision test papers.', 'Comprehensive prep course covering the full syllabus of NEET (Biology & Chemistry) Chemistry.', 'https://images.unsplash.com/photo-1530026405186-ed1ea0ac7a63?auto=format&fit=crop&w=500&q=80', true, 499, 199),
  ('course_neet_physics', 'neet', 'sub_neet_physics', 'NEET (Biology & Chemistry) Physics Masterclass', 'Unlock high-yield handwritten notes, video lectures, and revision test papers.', 'Comprehensive prep course covering the full syllabus of NEET (Biology & Chemistry) Physics.', 'https://images.unsplash.com/photo-1530026405186-ed1ea0ac7a63?auto=format&fit=crop&w=500&q=80', true, 499, 199),
  ('course_bpharma_physics', 'bpharma', 'sub_bpharma_physics', 'B.Pharm Entrance Preparation Physics Masterclass', 'Unlock high-yield handwritten notes, video lectures, and revision test papers.', 'Comprehensive prep course covering the full syllabus of B.Pharm Entrance Preparation Physics.', 'https://images.unsplash.com/photo-1453733190148-c44698c26588?auto=format&fit=crop&w=500&q=80', true, 499, 199),
  ('course_bpharma_chemistry', 'bpharma', 'sub_bpharma_chemistry', 'B.Pharm Entrance Preparation Chemistry Masterclass', 'Unlock high-yield handwritten notes, video lectures, and revision test papers.', 'Comprehensive prep course covering the full syllabus of B.Pharm Entrance Preparation Chemistry.', 'https://images.unsplash.com/photo-1453733190148-c44698c26588?auto=format&fit=crop&w=500&q=80', true, 499, 199),
  ('course_bpharma_biology', 'bpharma', 'sub_bpharma_biology', 'B.Pharm Entrance Preparation Biology Masterclass', 'Unlock high-yield handwritten notes, video lectures, and revision test papers.', 'Comprehensive prep course covering the full syllabus of B.Pharm Entrance Preparation Biology.', 'https://images.unsplash.com/photo-1453733190148-c44698c26588?auto=format&fit=crop&w=500&q=80', true, 499, 199),
  ('course_bpharma_mathematics', 'bpharma', 'sub_bpharma_mathematics', 'B.Pharm Entrance Preparation Mathematics Masterclass', 'Unlock high-yield handwritten notes, video lectures, and revision test papers.', 'Comprehensive prep course covering the full syllabus of B.Pharm Entrance Preparation Mathematics.', 'https://images.unsplash.com/photo-1453733190148-c44698c26588?auto=format&fit=crop&w=500&q=80', true, 499, 199),
  ('course_nursing_biology', 'nursing', 'sub_nursing_biology', 'Nursing Entrance Preparation Biology Masterclass', 'Unlock high-yield handwritten notes, video lectures, and revision test papers.', 'Comprehensive prep course covering the full syllabus of Nursing Entrance Preparation Biology.', 'https://images.unsplash.com/photo-1453733190148-c44698c26588?auto=format&fit=crop&w=500&q=80', true, 499, 199),
  ('course_nursing_chemistry', 'nursing', 'sub_nursing_chemistry', 'Nursing Entrance Preparation Chemistry Masterclass', 'Unlock high-yield handwritten notes, video lectures, and revision test papers.', 'Comprehensive prep course covering the full syllabus of Nursing Entrance Preparation Chemistry.', 'https://images.unsplash.com/photo-1453733190148-c44698c26588?auto=format&fit=crop&w=500&q=80', true, 499, 199),
  ('course_nursing_physics', 'nursing', 'sub_nursing_physics', 'Nursing Entrance Preparation Physics Masterclass', 'Unlock high-yield handwritten notes, video lectures, and revision test papers.', 'Comprehensive prep course covering the full syllabus of Nursing Entrance Preparation Physics.', 'https://images.unsplash.com/photo-1453733190148-c44698c26588?auto=format&fit=crop&w=500&q=80', true, 499, 199),
  ('course_nursing_english', 'nursing', 'sub_nursing_english', 'Nursing Entrance Preparation English Masterclass', 'Unlock high-yield handwritten notes, video lectures, and revision test papers.', 'Comprehensive prep course covering the full syllabus of Nursing Entrance Preparation English.', 'https://images.unsplash.com/photo-1453733190148-c44698c26588?auto=format&fit=crop&w=500&q=80', true, 499, 199)
ON CONFLICT (id) DO UPDATE SET "classId" = EXCLUDED."classId", "subjectId" = EXCLUDED."subjectId", title = EXCLUDED.title, subtitle = EXCLUDED.subtitle, description = EXCLUDED.description, "thumbnailUrl" = EXCLUDED."thumbnailUrl", "isPremium" = EXCLUDED."isPremium", price = EXCLUDED.price, "discountPrice" = EXCLUDED."discountPrice";

-- 5. Seed Chapters
INSERT INTO public.chapters (id, "subjectId", name, description, "orderIndex")
VALUES
  ('chap_c6_english_1', 'sub_c6_english', 'Ch 1: Who Did Patrick''s Homework?', 'NCERT syllabus aligned textbook references for Class 6 English.', 1),
  ('chap_c6_english_2', 'sub_c6_english', 'Ch 2: How the Dog Found Himself a New Master!', 'NCERT syllabus aligned textbook references for Class 6 English.', 2),
  ('chap_c6_english_3', 'sub_c6_english', 'Ch 3: Taro''s Reward', 'NCERT syllabus aligned textbook references for Class 6 English.', 3),
  ('chap_c6_english_4', 'sub_c6_english', 'Ch 4: An Indian-American Woman in Space', 'NCERT syllabus aligned textbook references for Class 6 English.', 4),
  ('chap_c6_english_5', 'sub_c6_english', 'Ch 5: A Different Kind of School', 'NCERT syllabus aligned textbook references for Class 6 English.', 5),
  ('chap_c6_hindi_1', 'sub_c6_hindi', 'Ch 1: वह चिड़िया जो', 'NCERT syllabus aligned textbook references for Class 6 Hindi.', 1),
  ('chap_c6_hindi_2', 'sub_c6_hindi', 'Ch 2: बचपन', 'NCERT syllabus aligned textbook references for Class 6 Hindi.', 2),
  ('chap_c6_hindi_3', 'sub_c6_hindi', 'Ch 3: नादान दोस्त', 'NCERT syllabus aligned textbook references for Class 6 Hindi.', 3),
  ('chap_c6_assamese_1', 'sub_c6_assamese', 'Ch 1: আমাৰ জন্মভূমি', 'NCERT syllabus aligned textbook references for Class 6 Assamese.', 1),
  ('chap_c6_assamese_2', 'sub_c6_assamese', 'Ch 2: বৰগীত', 'NCERT syllabus aligned textbook references for Class 6 Assamese.', 2),
  ('chap_c6_assamese_3', 'sub_c6_assamese', 'Ch 3: অসমৰ জাতীয় উৎসৱ', 'NCERT syllabus aligned textbook references for Class 6 Assamese.', 3),
  ('chap_c6_generalmathematics_1', 'sub_c6_generalmathematics', 'Ch 1: Real Numbers', 'NCERT syllabus aligned textbook references for Class 6 General Mathematics.', 1),
  ('chap_c6_generalmathematics_2', 'sub_c6_generalmathematics', 'Ch 2: Polynomials', 'NCERT syllabus aligned textbook references for Class 6 General Mathematics.', 2),
  ('chap_c6_generalmathematics_3', 'sub_c6_generalmathematics', 'Ch 3: Quadratic Equations', 'NCERT syllabus aligned textbook references for Class 6 General Mathematics.', 3),
  ('chap_c6_generalmathematics_4', 'sub_c6_generalmathematics', 'Ch 4: Arithmetic Progressions', 'NCERT syllabus aligned textbook references for Class 6 General Mathematics.', 4),
  ('chap_c6_generalmathematics_5', 'sub_c6_generalmathematics', 'Ch 5: Triangles', 'NCERT syllabus aligned textbook references for Class 6 General Mathematics.', 5),
  ('chap_c6_generalscience_1', 'sub_c6_generalscience', 'Ch 1: Chemical Reactions and Equations', 'NCERT syllabus aligned textbook references for Class 6 General Science.', 1),
  ('chap_c6_generalscience_2', 'sub_c6_generalscience', 'Ch 2: Acids, Bases and Salts', 'NCERT syllabus aligned textbook references for Class 6 General Science.', 2),
  ('chap_c6_generalscience_3', 'sub_c6_generalscience', 'Ch 3: Metals and Non-metals', 'NCERT syllabus aligned textbook references for Class 6 General Science.', 3),
  ('chap_c6_generalscience_4', 'sub_c6_generalscience', 'Ch 4: Carbon and its Compounds', 'NCERT syllabus aligned textbook references for Class 6 General Science.', 4),
  ('chap_c6_generalscience_5', 'sub_c6_generalscience', 'Ch 5: Life Processes', 'NCERT syllabus aligned textbook references for Class 6 General Science.', 5),
  ('chap_c6_socialscience_1', 'sub_c6_socialscience', 'Ch 1: Resources and Development', 'NCERT syllabus aligned textbook references for Class 6 Social Science.', 1),
  ('chap_c6_socialscience_2', 'sub_c6_socialscience', 'Ch 2: Forest and Wildlife Resources', 'NCERT syllabus aligned textbook references for Class 6 Social Science.', 2),
  ('chap_c6_socialscience_3', 'sub_c6_socialscience', 'Ch 3: Water Resources', 'NCERT syllabus aligned textbook references for Class 6 Social Science.', 3),
  ('chap_c6_socialscience_4', 'sub_c6_socialscience', 'Ch 4: Agriculture', 'NCERT syllabus aligned textbook references for Class 6 Social Science.', 4),
  ('chap_c6_socialscience_5', 'sub_c6_socialscience', 'Ch 5: Power Sharing', 'NCERT syllabus aligned textbook references for Class 6 Social Science.', 5),
  ('chap_c7_english_1', 'sub_c7_english', 'Ch 1: Who Did Patrick''s Homework?', 'NCERT syllabus aligned textbook references for Class 7 English.', 1),
  ('chap_c7_english_2', 'sub_c7_english', 'Ch 2: How the Dog Found Himself a New Master!', 'NCERT syllabus aligned textbook references for Class 7 English.', 2),
  ('chap_c7_english_3', 'sub_c7_english', 'Ch 3: Taro''s Reward', 'NCERT syllabus aligned textbook references for Class 7 English.', 3),
  ('chap_c7_english_4', 'sub_c7_english', 'Ch 4: An Indian-American Woman in Space', 'NCERT syllabus aligned textbook references for Class 7 English.', 4),
  ('chap_c7_english_5', 'sub_c7_english', 'Ch 5: A Different Kind of School', 'NCERT syllabus aligned textbook references for Class 7 English.', 5),
  ('chap_c7_hindi_1', 'sub_c7_hindi', 'Ch 1: वह चिड़िया जो', 'NCERT syllabus aligned textbook references for Class 7 Hindi.', 1),
  ('chap_c7_hindi_2', 'sub_c7_hindi', 'Ch 2: बचपन', 'NCERT syllabus aligned textbook references for Class 7 Hindi.', 2),
  ('chap_c7_hindi_3', 'sub_c7_hindi', 'Ch 3: नादान दोस्त', 'NCERT syllabus aligned textbook references for Class 7 Hindi.', 3),
  ('chap_c7_assamese_1', 'sub_c7_assamese', 'Ch 1: আমাৰ জন্মভূমি', 'NCERT syllabus aligned textbook references for Class 7 Assamese.', 1),
  ('chap_c7_assamese_2', 'sub_c7_assamese', 'Ch 2: বৰগীত', 'NCERT syllabus aligned textbook references for Class 7 Assamese.', 2),
  ('chap_c7_assamese_3', 'sub_c7_assamese', 'Ch 3: অসমৰ জাতীয় উৎসৱ', 'NCERT syllabus aligned textbook references for Class 7 Assamese.', 3),
  ('chap_c7_generalmathematics_1', 'sub_c7_generalmathematics', 'Ch 1: Real Numbers', 'NCERT syllabus aligned textbook references for Class 7 General Mathematics.', 1),
  ('chap_c7_generalmathematics_2', 'sub_c7_generalmathematics', 'Ch 2: Polynomials', 'NCERT syllabus aligned textbook references for Class 7 General Mathematics.', 2),
  ('chap_c7_generalmathematics_3', 'sub_c7_generalmathematics', 'Ch 3: Quadratic Equations', 'NCERT syllabus aligned textbook references for Class 7 General Mathematics.', 3),
  ('chap_c7_generalmathematics_4', 'sub_c7_generalmathematics', 'Ch 4: Arithmetic Progressions', 'NCERT syllabus aligned textbook references for Class 7 General Mathematics.', 4),
  ('chap_c7_generalmathematics_5', 'sub_c7_generalmathematics', 'Ch 5: Triangles', 'NCERT syllabus aligned textbook references for Class 7 General Mathematics.', 5),
  ('chap_c7_generalscience_1', 'sub_c7_generalscience', 'Ch 1: Chemical Reactions and Equations', 'NCERT syllabus aligned textbook references for Class 7 General Science.', 1),
  ('chap_c7_generalscience_2', 'sub_c7_generalscience', 'Ch 2: Acids, Bases and Salts', 'NCERT syllabus aligned textbook references for Class 7 General Science.', 2),
  ('chap_c7_generalscience_3', 'sub_c7_generalscience', 'Ch 3: Metals and Non-metals', 'NCERT syllabus aligned textbook references for Class 7 General Science.', 3),
  ('chap_c7_generalscience_4', 'sub_c7_generalscience', 'Ch 4: Carbon and its Compounds', 'NCERT syllabus aligned textbook references for Class 7 General Science.', 4),
  ('chap_c7_generalscience_5', 'sub_c7_generalscience', 'Ch 5: Life Processes', 'NCERT syllabus aligned textbook references for Class 7 General Science.', 5),
  ('chap_c7_socialscience_1', 'sub_c7_socialscience', 'Ch 1: Resources and Development', 'NCERT syllabus aligned textbook references for Class 7 Social Science.', 1),
  ('chap_c7_socialscience_2', 'sub_c7_socialscience', 'Ch 2: Forest and Wildlife Resources', 'NCERT syllabus aligned textbook references for Class 7 Social Science.', 2),
  ('chap_c7_socialscience_3', 'sub_c7_socialscience', 'Ch 3: Water Resources', 'NCERT syllabus aligned textbook references for Class 7 Social Science.', 3),
  ('chap_c7_socialscience_4', 'sub_c7_socialscience', 'Ch 4: Agriculture', 'NCERT syllabus aligned textbook references for Class 7 Social Science.', 4),
  ('chap_c7_socialscience_5', 'sub_c7_socialscience', 'Ch 5: Power Sharing', 'NCERT syllabus aligned textbook references for Class 7 Social Science.', 5),
  ('chap_c8_english_1', 'sub_c8_english', 'Ch 1: Who Did Patrick''s Homework?', 'NCERT syllabus aligned textbook references for Class 8 English.', 1),
  ('chap_c8_english_2', 'sub_c8_english', 'Ch 2: How the Dog Found Himself a New Master!', 'NCERT syllabus aligned textbook references for Class 8 English.', 2),
  ('chap_c8_english_3', 'sub_c8_english', 'Ch 3: Taro''s Reward', 'NCERT syllabus aligned textbook references for Class 8 English.', 3),
  ('chap_c8_english_4', 'sub_c8_english', 'Ch 4: An Indian-American Woman in Space', 'NCERT syllabus aligned textbook references for Class 8 English.', 4),
  ('chap_c8_english_5', 'sub_c8_english', 'Ch 5: A Different Kind of School', 'NCERT syllabus aligned textbook references for Class 8 English.', 5),
  ('chap_c8_hindi_1', 'sub_c8_hindi', 'Ch 1: वह चिड़िया जो', 'NCERT syllabus aligned textbook references for Class 8 Hindi.', 1),
  ('chap_c8_hindi_2', 'sub_c8_hindi', 'Ch 2: बचपन', 'NCERT syllabus aligned textbook references for Class 8 Hindi.', 2),
  ('chap_c8_hindi_3', 'sub_c8_hindi', 'Ch 3: नादान दोस्त', 'NCERT syllabus aligned textbook references for Class 8 Hindi.', 3),
  ('chap_c8_assamese_1', 'sub_c8_assamese', 'Ch 1: আমাৰ জন্মভূমি', 'NCERT syllabus aligned textbook references for Class 8 Assamese.', 1),
  ('chap_c8_assamese_2', 'sub_c8_assamese', 'Ch 2: বৰগীত', 'NCERT syllabus aligned textbook references for Class 8 Assamese.', 2),
  ('chap_c8_assamese_3', 'sub_c8_assamese', 'Ch 3: অসমৰ জাতীয় উৎসৱ', 'NCERT syllabus aligned textbook references for Class 8 Assamese.', 3),
  ('chap_c8_generalmathematics_1', 'sub_c8_generalmathematics', 'Ch 1: Real Numbers', 'NCERT syllabus aligned textbook references for Class 8 General Mathematics.', 1),
  ('chap_c8_generalmathematics_2', 'sub_c8_generalmathematics', 'Ch 2: Polynomials', 'NCERT syllabus aligned textbook references for Class 8 General Mathematics.', 2),
  ('chap_c8_generalmathematics_3', 'sub_c8_generalmathematics', 'Ch 3: Quadratic Equations', 'NCERT syllabus aligned textbook references for Class 8 General Mathematics.', 3),
  ('chap_c8_generalmathematics_4', 'sub_c8_generalmathematics', 'Ch 4: Arithmetic Progressions', 'NCERT syllabus aligned textbook references for Class 8 General Mathematics.', 4),
  ('chap_c8_generalmathematics_5', 'sub_c8_generalmathematics', 'Ch 5: Triangles', 'NCERT syllabus aligned textbook references for Class 8 General Mathematics.', 5),
  ('chap_c8_generalscience_1', 'sub_c8_generalscience', 'Ch 1: Chemical Reactions and Equations', 'NCERT syllabus aligned textbook references for Class 8 General Science.', 1),
  ('chap_c8_generalscience_2', 'sub_c8_generalscience', 'Ch 2: Acids, Bases and Salts', 'NCERT syllabus aligned textbook references for Class 8 General Science.', 2),
  ('chap_c8_generalscience_3', 'sub_c8_generalscience', 'Ch 3: Metals and Non-metals', 'NCERT syllabus aligned textbook references for Class 8 General Science.', 3),
  ('chap_c8_generalscience_4', 'sub_c8_generalscience', 'Ch 4: Carbon and its Compounds', 'NCERT syllabus aligned textbook references for Class 8 General Science.', 4),
  ('chap_c8_generalscience_5', 'sub_c8_generalscience', 'Ch 5: Life Processes', 'NCERT syllabus aligned textbook references for Class 8 General Science.', 5),
  ('chap_c8_socialscience_1', 'sub_c8_socialscience', 'Ch 1: Resources and Development', 'NCERT syllabus aligned textbook references for Class 8 Social Science.', 1),
  ('chap_c8_socialscience_2', 'sub_c8_socialscience', 'Ch 2: Forest and Wildlife Resources', 'NCERT syllabus aligned textbook references for Class 8 Social Science.', 2),
  ('chap_c8_socialscience_3', 'sub_c8_socialscience', 'Ch 3: Water Resources', 'NCERT syllabus aligned textbook references for Class 8 Social Science.', 3),
  ('chap_c8_socialscience_4', 'sub_c8_socialscience', 'Ch 4: Agriculture', 'NCERT syllabus aligned textbook references for Class 8 Social Science.', 4),
  ('chap_c8_socialscience_5', 'sub_c8_socialscience', 'Ch 5: Power Sharing', 'NCERT syllabus aligned textbook references for Class 8 Social Science.', 5),
  ('chap_c9_english_1', 'sub_c9_english', 'Ch 1: Who Did Patrick''s Homework?', 'NCERT syllabus aligned textbook references for Class 9 English.', 1),
  ('chap_c9_english_2', 'sub_c9_english', 'Ch 2: How the Dog Found Himself a New Master!', 'NCERT syllabus aligned textbook references for Class 9 English.', 2),
  ('chap_c9_english_3', 'sub_c9_english', 'Ch 3: Taro''s Reward', 'NCERT syllabus aligned textbook references for Class 9 English.', 3),
  ('chap_c9_english_4', 'sub_c9_english', 'Ch 4: An Indian-American Woman in Space', 'NCERT syllabus aligned textbook references for Class 9 English.', 4),
  ('chap_c9_english_5', 'sub_c9_english', 'Ch 5: A Different Kind of School', 'NCERT syllabus aligned textbook references for Class 9 English.', 5),
  ('chap_c9_hindi_1', 'sub_c9_hindi', 'Ch 1: वह चिड़िया जो', 'NCERT syllabus aligned textbook references for Class 9 Hindi.', 1),
  ('chap_c9_hindi_2', 'sub_c9_hindi', 'Ch 2: बचपन', 'NCERT syllabus aligned textbook references for Class 9 Hindi.', 2),
  ('chap_c9_hindi_3', 'sub_c9_hindi', 'Ch 3: नादान दोस्त', 'NCERT syllabus aligned textbook references for Class 9 Hindi.', 3),
  ('chap_c9_assamese_1', 'sub_c9_assamese', 'Ch 1: আমাৰ জন্মভূমি', 'NCERT syllabus aligned textbook references for Class 9 Assamese.', 1),
  ('chap_c9_assamese_2', 'sub_c9_assamese', 'Ch 2: বৰগীত', 'NCERT syllabus aligned textbook references for Class 9 Assamese.', 2),
  ('chap_c9_assamese_3', 'sub_c9_assamese', 'Ch 3: অসমৰ জাতীয় উৎসৱ', 'NCERT syllabus aligned textbook references for Class 9 Assamese.', 3),
  ('chap_c9_generalmathematics_1', 'sub_c9_generalmathematics', 'Ch 1: Real Numbers', 'NCERT syllabus aligned textbook references for Class 9 General Mathematics.', 1),
  ('chap_c9_generalmathematics_2', 'sub_c9_generalmathematics', 'Ch 2: Polynomials', 'NCERT syllabus aligned textbook references for Class 9 General Mathematics.', 2),
  ('chap_c9_generalmathematics_3', 'sub_c9_generalmathematics', 'Ch 3: Quadratic Equations', 'NCERT syllabus aligned textbook references for Class 9 General Mathematics.', 3),
  ('chap_c9_generalmathematics_4', 'sub_c9_generalmathematics', 'Ch 4: Arithmetic Progressions', 'NCERT syllabus aligned textbook references for Class 9 General Mathematics.', 4),
  ('chap_c9_generalmathematics_5', 'sub_c9_generalmathematics', 'Ch 5: Triangles', 'NCERT syllabus aligned textbook references for Class 9 General Mathematics.', 5),
  ('chap_c9_generalscience_1', 'sub_c9_generalscience', 'Ch 1: Chemical Reactions and Equations', 'NCERT syllabus aligned textbook references for Class 9 General Science.', 1),
  ('chap_c9_generalscience_2', 'sub_c9_generalscience', 'Ch 2: Acids, Bases and Salts', 'NCERT syllabus aligned textbook references for Class 9 General Science.', 2),
  ('chap_c9_generalscience_3', 'sub_c9_generalscience', 'Ch 3: Metals and Non-metals', 'NCERT syllabus aligned textbook references for Class 9 General Science.', 3),
  ('chap_c9_generalscience_4', 'sub_c9_generalscience', 'Ch 4: Carbon and its Compounds', 'NCERT syllabus aligned textbook references for Class 9 General Science.', 4),
  ('chap_c9_generalscience_5', 'sub_c9_generalscience', 'Ch 5: Life Processes', 'NCERT syllabus aligned textbook references for Class 9 General Science.', 5),
  ('chap_c9_socialscience_1', 'sub_c9_socialscience', 'Ch 1: Resources and Development', 'NCERT syllabus aligned textbook references for Class 9 Social Science.', 1),
  ('chap_c9_socialscience_2', 'sub_c9_socialscience', 'Ch 2: Forest and Wildlife Resources', 'NCERT syllabus aligned textbook references for Class 9 Social Science.', 2),
  ('chap_c9_socialscience_3', 'sub_c9_socialscience', 'Ch 3: Water Resources', 'NCERT syllabus aligned textbook references for Class 9 Social Science.', 3),
  ('chap_c9_socialscience_4', 'sub_c9_socialscience', 'Ch 4: Agriculture', 'NCERT syllabus aligned textbook references for Class 9 Social Science.', 4),
  ('chap_c9_socialscience_5', 'sub_c9_socialscience', 'Ch 5: Power Sharing', 'NCERT syllabus aligned textbook references for Class 9 Social Science.', 5),
  ('chap_c10_english_1', 'sub_c10_english', 'Ch 1: Who Did Patrick''s Homework?', 'NCERT syllabus aligned textbook references for Class 10 English.', 1),
  ('chap_c10_english_2', 'sub_c10_english', 'Ch 2: How the Dog Found Himself a New Master!', 'NCERT syllabus aligned textbook references for Class 10 English.', 2),
  ('chap_c10_english_3', 'sub_c10_english', 'Ch 3: Taro''s Reward', 'NCERT syllabus aligned textbook references for Class 10 English.', 3),
  ('chap_c10_english_4', 'sub_c10_english', 'Ch 4: An Indian-American Woman in Space', 'NCERT syllabus aligned textbook references for Class 10 English.', 4),
  ('chap_c10_english_5', 'sub_c10_english', 'Ch 5: A Different Kind of School', 'NCERT syllabus aligned textbook references for Class 10 English.', 5),
  ('chap_c10_hindi_1', 'sub_c10_hindi', 'Ch 1: वह चिड़िया जो', 'NCERT syllabus aligned textbook references for Class 10 Hindi.', 1),
  ('chap_c10_hindi_2', 'sub_c10_hindi', 'Ch 2: बचपन', 'NCERT syllabus aligned textbook references for Class 10 Hindi.', 2),
  ('chap_c10_hindi_3', 'sub_c10_hindi', 'Ch 3: नादान दोस्त', 'NCERT syllabus aligned textbook references for Class 10 Hindi.', 3),
  ('chap_c10_assamese_1', 'sub_c10_assamese', 'Ch 1: আমাৰ জন্মভূমি', 'NCERT syllabus aligned textbook references for Class 10 Assamese.', 1),
  ('chap_c10_assamese_2', 'sub_c10_assamese', 'Ch 2: বৰগীত', 'NCERT syllabus aligned textbook references for Class 10 Assamese.', 2),
  ('chap_c10_assamese_3', 'sub_c10_assamese', 'Ch 3: অসমৰ জাতীয় উৎসৱ', 'NCERT syllabus aligned textbook references for Class 10 Assamese.', 3),
  ('chap_c10_generalmathematics_1', 'sub_c10_generalmathematics', 'Ch 1: Real Numbers', 'NCERT syllabus aligned textbook references for Class 10 General Mathematics.', 1),
  ('chap_c10_generalmathematics_2', 'sub_c10_generalmathematics', 'Ch 2: Polynomials', 'NCERT syllabus aligned textbook references for Class 10 General Mathematics.', 2),
  ('chap_c10_generalmathematics_3', 'sub_c10_generalmathematics', 'Ch 3: Quadratic Equations', 'NCERT syllabus aligned textbook references for Class 10 General Mathematics.', 3),
  ('chap_c10_generalmathematics_4', 'sub_c10_generalmathematics', 'Ch 4: Arithmetic Progressions', 'NCERT syllabus aligned textbook references for Class 10 General Mathematics.', 4),
  ('chap_c10_generalmathematics_5', 'sub_c10_generalmathematics', 'Ch 5: Triangles', 'NCERT syllabus aligned textbook references for Class 10 General Mathematics.', 5),
  ('chap_c10_generalscience_1', 'sub_c10_generalscience', 'Ch 1: Chemical Reactions and Equations', 'NCERT syllabus aligned textbook references for Class 10 General Science.', 1),
  ('chap_c10_generalscience_2', 'sub_c10_generalscience', 'Ch 2: Acids, Bases and Salts', 'NCERT syllabus aligned textbook references for Class 10 General Science.', 2),
  ('chap_c10_generalscience_3', 'sub_c10_generalscience', 'Ch 3: Metals and Non-metals', 'NCERT syllabus aligned textbook references for Class 10 General Science.', 3),
  ('chap_c10_generalscience_4', 'sub_c10_generalscience', 'Ch 4: Carbon and its Compounds', 'NCERT syllabus aligned textbook references for Class 10 General Science.', 4),
  ('chap_c10_generalscience_5', 'sub_c10_generalscience', 'Ch 5: Life Processes', 'NCERT syllabus aligned textbook references for Class 10 General Science.', 5),
  ('chap_c10_socialscience_1', 'sub_c10_socialscience', 'Ch 1: Resources and Development', 'NCERT syllabus aligned textbook references for Class 10 Social Science.', 1),
  ('chap_c10_socialscience_2', 'sub_c10_socialscience', 'Ch 2: Forest and Wildlife Resources', 'NCERT syllabus aligned textbook references for Class 10 Social Science.', 2),
  ('chap_c10_socialscience_3', 'sub_c10_socialscience', 'Ch 3: Water Resources', 'NCERT syllabus aligned textbook references for Class 10 Social Science.', 3),
  ('chap_c10_socialscience_4', 'sub_c10_socialscience', 'Ch 4: Agriculture', 'NCERT syllabus aligned textbook references for Class 10 Social Science.', 4),
  ('chap_c10_socialscience_5', 'sub_c10_socialscience', 'Ch 5: Power Sharing', 'NCERT syllabus aligned textbook references for Class 10 Social Science.', 5),
  ('chap_c11s_physics_1', 'sub_c11s_physics', 'Ch 1: Physical World and Measurement', 'NCERT syllabus aligned textbook references for Class 11 Science Physics.', 1),
  ('chap_c11s_physics_2', 'sub_c11s_physics', 'Ch 2: Kinematics', 'NCERT syllabus aligned textbook references for Class 11 Science Physics.', 2),
  ('chap_c11s_physics_3', 'sub_c11s_physics', 'Ch 3: Laws of Motion', 'NCERT syllabus aligned textbook references for Class 11 Science Physics.', 3),
  ('chap_c11s_physics_4', 'sub_c11s_physics', 'Ch 4: Work, Energy and Power', 'NCERT syllabus aligned textbook references for Class 11 Science Physics.', 4),
  ('chap_c11s_physics_5', 'sub_c11s_physics', 'Ch 5: Gravitation', 'NCERT syllabus aligned textbook references for Class 11 Science Physics.', 5),
  ('chap_c11s_chemistry_1', 'sub_c11s_chemistry', 'Ch 1: Some Basic Concepts of Chemistry', 'NCERT syllabus aligned textbook references for Class 11 Science Chemistry.', 1),
  ('chap_c11s_chemistry_2', 'sub_c11s_chemistry', 'Ch 2: Structure of Atom', 'NCERT syllabus aligned textbook references for Class 11 Science Chemistry.', 2),
  ('chap_c11s_chemistry_3', 'sub_c11s_chemistry', 'Ch 3: Classification of Elements', 'NCERT syllabus aligned textbook references for Class 11 Science Chemistry.', 3),
  ('chap_c11s_chemistry_4', 'sub_c11s_chemistry', 'Ch 4: Chemical Bonding', 'NCERT syllabus aligned textbook references for Class 11 Science Chemistry.', 4),
  ('chap_c11s_chemistry_5', 'sub_c11s_chemistry', 'Ch 5: Thermodynamics', 'NCERT syllabus aligned textbook references for Class 11 Science Chemistry.', 5),
  ('chap_c11s_biology_1', 'sub_c11s_biology', 'Ch 1: The Living World', 'NCERT syllabus aligned textbook references for Class 11 Science Biology.', 1),
  ('chap_c11s_biology_2', 'sub_c11s_biology', 'Ch 2: Biological Classification', 'NCERT syllabus aligned textbook references for Class 11 Science Biology.', 2),
  ('chap_c11s_biology_3', 'sub_c11s_biology', 'Ch 3: Plant Kingdom', 'NCERT syllabus aligned textbook references for Class 11 Science Biology.', 3),
  ('chap_c11s_biology_4', 'sub_c11s_biology', 'Ch 4: Animal Kingdom', 'NCERT syllabus aligned textbook references for Class 11 Science Biology.', 4),
  ('chap_c11s_biology_5', 'sub_c11s_biology', 'Ch 5: Cell - The Unit of Life', 'NCERT syllabus aligned textbook references for Class 11 Science Biology.', 5),
  ('chap_c11s_mathematics_1', 'sub_c11s_mathematics', 'Ch 1: Relations and Functions', 'NCERT syllabus aligned textbook references for Class 11 Science Mathematics.', 1),
  ('chap_c11s_mathematics_2', 'sub_c11s_mathematics', 'Ch 2: Inverse Trigonometric Functions', 'NCERT syllabus aligned textbook references for Class 11 Science Mathematics.', 2),
  ('chap_c11s_mathematics_3', 'sub_c11s_mathematics', 'Ch 3: Matrices', 'NCERT syllabus aligned textbook references for Class 11 Science Mathematics.', 3),
  ('chap_c11s_mathematics_4', 'sub_c11s_mathematics', 'Ch 4: Determinants', 'NCERT syllabus aligned textbook references for Class 11 Science Mathematics.', 4),
  ('chap_c11s_mathematics_5', 'sub_c11s_mathematics', 'Ch 5: Continuity and Differentiability', 'NCERT syllabus aligned textbook references for Class 11 Science Mathematics.', 5),
  ('chap_c11s_english_1', 'sub_c11s_english', 'Ch 1: Who Did Patrick''s Homework?', 'NCERT syllabus aligned textbook references for Class 11 Science English.', 1),
  ('chap_c11s_english_2', 'sub_c11s_english', 'Ch 2: How the Dog Found Himself a New Master!', 'NCERT syllabus aligned textbook references for Class 11 Science English.', 2),
  ('chap_c11s_english_3', 'sub_c11s_english', 'Ch 3: Taro''s Reward', 'NCERT syllabus aligned textbook references for Class 11 Science English.', 3),
  ('chap_c11s_english_4', 'sub_c11s_english', 'Ch 4: An Indian-American Woman in Space', 'NCERT syllabus aligned textbook references for Class 11 Science English.', 4),
  ('chap_c11s_english_5', 'sub_c11s_english', 'Ch 5: A Different Kind of School', 'NCERT syllabus aligned textbook references for Class 11 Science English.', 5),
  ('chap_c12s_physics_1', 'sub_c12s_physics', 'Ch 1: Physical World and Measurement', 'NCERT syllabus aligned textbook references for Class 12 Science Physics.', 1),
  ('chap_c12s_physics_2', 'sub_c12s_physics', 'Ch 2: Kinematics', 'NCERT syllabus aligned textbook references for Class 12 Science Physics.', 2),
  ('chap_c12s_physics_3', 'sub_c12s_physics', 'Ch 3: Laws of Motion', 'NCERT syllabus aligned textbook references for Class 12 Science Physics.', 3),
  ('chap_c12s_physics_4', 'sub_c12s_physics', 'Ch 4: Work, Energy and Power', 'NCERT syllabus aligned textbook references for Class 12 Science Physics.', 4),
  ('chap_c12s_physics_5', 'sub_c12s_physics', 'Ch 5: Gravitation', 'NCERT syllabus aligned textbook references for Class 12 Science Physics.', 5),
  ('chap_c12s_chemistry_1', 'sub_c12s_chemistry', 'Ch 1: Some Basic Concepts of Chemistry', 'NCERT syllabus aligned textbook references for Class 12 Science Chemistry.', 1),
  ('chap_c12s_chemistry_2', 'sub_c12s_chemistry', 'Ch 2: Structure of Atom', 'NCERT syllabus aligned textbook references for Class 12 Science Chemistry.', 2),
  ('chap_c12s_chemistry_3', 'sub_c12s_chemistry', 'Ch 3: Classification of Elements', 'NCERT syllabus aligned textbook references for Class 12 Science Chemistry.', 3),
  ('chap_c12s_chemistry_4', 'sub_c12s_chemistry', 'Ch 4: Chemical Bonding', 'NCERT syllabus aligned textbook references for Class 12 Science Chemistry.', 4),
  ('chap_c12s_chemistry_5', 'sub_c12s_chemistry', 'Ch 5: Thermodynamics', 'NCERT syllabus aligned textbook references for Class 12 Science Chemistry.', 5),
  ('chap_c12s_biology_1', 'sub_c12s_biology', 'Ch 1: The Living World', 'NCERT syllabus aligned textbook references for Class 12 Science Biology.', 1),
  ('chap_c12s_biology_2', 'sub_c12s_biology', 'Ch 2: Biological Classification', 'NCERT syllabus aligned textbook references for Class 12 Science Biology.', 2),
  ('chap_c12s_biology_3', 'sub_c12s_biology', 'Ch 3: Plant Kingdom', 'NCERT syllabus aligned textbook references for Class 12 Science Biology.', 3),
  ('chap_c12s_biology_4', 'sub_c12s_biology', 'Ch 4: Animal Kingdom', 'NCERT syllabus aligned textbook references for Class 12 Science Biology.', 4),
  ('chap_c12s_biology_5', 'sub_c12s_biology', 'Ch 5: Cell - The Unit of Life', 'NCERT syllabus aligned textbook references for Class 12 Science Biology.', 5),
  ('chap_c12s_mathematics_1', 'sub_c12s_mathematics', 'Ch 1: Relations and Functions', 'NCERT syllabus aligned textbook references for Class 12 Science Mathematics.', 1),
  ('chap_c12s_mathematics_2', 'sub_c12s_mathematics', 'Ch 2: Inverse Trigonometric Functions', 'NCERT syllabus aligned textbook references for Class 12 Science Mathematics.', 2),
  ('chap_c12s_mathematics_3', 'sub_c12s_mathematics', 'Ch 3: Matrices', 'NCERT syllabus aligned textbook references for Class 12 Science Mathematics.', 3),
  ('chap_c12s_mathematics_4', 'sub_c12s_mathematics', 'Ch 4: Determinants', 'NCERT syllabus aligned textbook references for Class 12 Science Mathematics.', 4),
  ('chap_c12s_mathematics_5', 'sub_c12s_mathematics', 'Ch 5: Continuity and Differentiability', 'NCERT syllabus aligned textbook references for Class 12 Science Mathematics.', 5),
  ('chap_c12s_english_1', 'sub_c12s_english', 'Ch 1: Who Did Patrick''s Homework?', 'NCERT syllabus aligned textbook references for Class 12 Science English.', 1),
  ('chap_c12s_english_2', 'sub_c12s_english', 'Ch 2: How the Dog Found Himself a New Master!', 'NCERT syllabus aligned textbook references for Class 12 Science English.', 2),
  ('chap_c12s_english_3', 'sub_c12s_english', 'Ch 3: Taro''s Reward', 'NCERT syllabus aligned textbook references for Class 12 Science English.', 3),
  ('chap_c12s_english_4', 'sub_c12s_english', 'Ch 4: An Indian-American Woman in Space', 'NCERT syllabus aligned textbook references for Class 12 Science English.', 4),
  ('chap_c12s_english_5', 'sub_c12s_english', 'Ch 5: A Different Kind of School', 'NCERT syllabus aligned textbook references for Class 12 Science English.', 5),
  ('chap_neet_biology_1', 'sub_neet_biology', 'Ch 1: The Living World', 'NCERT syllabus aligned textbook references for NEET (Biology & Chemistry) Biology.', 1),
  ('chap_neet_biology_2', 'sub_neet_biology', 'Ch 2: Biological Classification', 'NCERT syllabus aligned textbook references for NEET (Biology & Chemistry) Biology.', 2),
  ('chap_neet_biology_3', 'sub_neet_biology', 'Ch 3: Plant Kingdom', 'NCERT syllabus aligned textbook references for NEET (Biology & Chemistry) Biology.', 3),
  ('chap_neet_biology_4', 'sub_neet_biology', 'Ch 4: Animal Kingdom', 'NCERT syllabus aligned textbook references for NEET (Biology & Chemistry) Biology.', 4),
  ('chap_neet_biology_5', 'sub_neet_biology', 'Ch 5: Cell - The Unit of Life', 'NCERT syllabus aligned textbook references for NEET (Biology & Chemistry) Biology.', 5),
  ('chap_neet_chemistry_1', 'sub_neet_chemistry', 'Ch 1: Some Basic Concepts of Chemistry', 'NCERT syllabus aligned textbook references for NEET (Biology & Chemistry) Chemistry.', 1),
  ('chap_neet_chemistry_2', 'sub_neet_chemistry', 'Ch 2: Structure of Atom', 'NCERT syllabus aligned textbook references for NEET (Biology & Chemistry) Chemistry.', 2),
  ('chap_neet_chemistry_3', 'sub_neet_chemistry', 'Ch 3: Classification of Elements', 'NCERT syllabus aligned textbook references for NEET (Biology & Chemistry) Chemistry.', 3),
  ('chap_neet_chemistry_4', 'sub_neet_chemistry', 'Ch 4: Chemical Bonding', 'NCERT syllabus aligned textbook references for NEET (Biology & Chemistry) Chemistry.', 4),
  ('chap_neet_chemistry_5', 'sub_neet_chemistry', 'Ch 5: Thermodynamics', 'NCERT syllabus aligned textbook references for NEET (Biology & Chemistry) Chemistry.', 5),
  ('chap_neet_physics_1', 'sub_neet_physics', 'Ch 1: Physical World and Measurement', 'NCERT syllabus aligned textbook references for NEET (Biology & Chemistry) Physics.', 1),
  ('chap_neet_physics_2', 'sub_neet_physics', 'Ch 2: Kinematics', 'NCERT syllabus aligned textbook references for NEET (Biology & Chemistry) Physics.', 2),
  ('chap_neet_physics_3', 'sub_neet_physics', 'Ch 3: Laws of Motion', 'NCERT syllabus aligned textbook references for NEET (Biology & Chemistry) Physics.', 3),
  ('chap_neet_physics_4', 'sub_neet_physics', 'Ch 4: Work, Energy and Power', 'NCERT syllabus aligned textbook references for NEET (Biology & Chemistry) Physics.', 4),
  ('chap_neet_physics_5', 'sub_neet_physics', 'Ch 5: Gravitation', 'NCERT syllabus aligned textbook references for NEET (Biology & Chemistry) Physics.', 5),
  ('chap_bpharma_physics_1', 'sub_bpharma_physics', 'Ch 1: Physical World and Measurement', 'NCERT syllabus aligned textbook references for B.Pharm Entrance Preparation Physics.', 1),
  ('chap_bpharma_physics_2', 'sub_bpharma_physics', 'Ch 2: Kinematics', 'NCERT syllabus aligned textbook references for B.Pharm Entrance Preparation Physics.', 2),
  ('chap_bpharma_physics_3', 'sub_bpharma_physics', 'Ch 3: Laws of Motion', 'NCERT syllabus aligned textbook references for B.Pharm Entrance Preparation Physics.', 3),
  ('chap_bpharma_physics_4', 'sub_bpharma_physics', 'Ch 4: Work, Energy and Power', 'NCERT syllabus aligned textbook references for B.Pharm Entrance Preparation Physics.', 4),
  ('chap_bpharma_physics_5', 'sub_bpharma_physics', 'Ch 5: Gravitation', 'NCERT syllabus aligned textbook references for B.Pharm Entrance Preparation Physics.', 5),
  ('chap_bpharma_chemistry_1', 'sub_bpharma_chemistry', 'Ch 1: Some Basic Concepts of Chemistry', 'NCERT syllabus aligned textbook references for B.Pharm Entrance Preparation Chemistry.', 1),
  ('chap_bpharma_chemistry_2', 'sub_bpharma_chemistry', 'Ch 2: Structure of Atom', 'NCERT syllabus aligned textbook references for B.Pharm Entrance Preparation Chemistry.', 2),
  ('chap_bpharma_chemistry_3', 'sub_bpharma_chemistry', 'Ch 3: Classification of Elements', 'NCERT syllabus aligned textbook references for B.Pharm Entrance Preparation Chemistry.', 3),
  ('chap_bpharma_chemistry_4', 'sub_bpharma_chemistry', 'Ch 4: Chemical Bonding', 'NCERT syllabus aligned textbook references for B.Pharm Entrance Preparation Chemistry.', 4),
  ('chap_bpharma_chemistry_5', 'sub_bpharma_chemistry', 'Ch 5: Thermodynamics', 'NCERT syllabus aligned textbook references for B.Pharm Entrance Preparation Chemistry.', 5),
  ('chap_bpharma_biology_1', 'sub_bpharma_biology', 'Ch 1: The Living World', 'NCERT syllabus aligned textbook references for B.Pharm Entrance Preparation Biology.', 1),
  ('chap_bpharma_biology_2', 'sub_bpharma_biology', 'Ch 2: Biological Classification', 'NCERT syllabus aligned textbook references for B.Pharm Entrance Preparation Biology.', 2),
  ('chap_bpharma_biology_3', 'sub_bpharma_biology', 'Ch 3: Plant Kingdom', 'NCERT syllabus aligned textbook references for B.Pharm Entrance Preparation Biology.', 3),
  ('chap_bpharma_biology_4', 'sub_bpharma_biology', 'Ch 4: Animal Kingdom', 'NCERT syllabus aligned textbook references for B.Pharm Entrance Preparation Biology.', 4),
  ('chap_bpharma_biology_5', 'sub_bpharma_biology', 'Ch 5: Cell - The Unit of Life', 'NCERT syllabus aligned textbook references for B.Pharm Entrance Preparation Biology.', 5),
  ('chap_bpharma_mathematics_1', 'sub_bpharma_mathematics', 'Ch 1: Relations and Functions', 'NCERT syllabus aligned textbook references for B.Pharm Entrance Preparation Mathematics.', 1),
  ('chap_bpharma_mathematics_2', 'sub_bpharma_mathematics', 'Ch 2: Inverse Trigonometric Functions', 'NCERT syllabus aligned textbook references for B.Pharm Entrance Preparation Mathematics.', 2),
  ('chap_bpharma_mathematics_3', 'sub_bpharma_mathematics', 'Ch 3: Matrices', 'NCERT syllabus aligned textbook references for B.Pharm Entrance Preparation Mathematics.', 3),
  ('chap_bpharma_mathematics_4', 'sub_bpharma_mathematics', 'Ch 4: Determinants', 'NCERT syllabus aligned textbook references for B.Pharm Entrance Preparation Mathematics.', 4),
  ('chap_bpharma_mathematics_5', 'sub_bpharma_mathematics', 'Ch 5: Continuity and Differentiability', 'NCERT syllabus aligned textbook references for B.Pharm Entrance Preparation Mathematics.', 5),
  ('chap_nursing_biology_1', 'sub_nursing_biology', 'Ch 1: The Living World', 'NCERT syllabus aligned textbook references for Nursing Entrance Preparation Biology.', 1),
  ('chap_nursing_biology_2', 'sub_nursing_biology', 'Ch 2: Biological Classification', 'NCERT syllabus aligned textbook references for Nursing Entrance Preparation Biology.', 2),
  ('chap_nursing_biology_3', 'sub_nursing_biology', 'Ch 3: Plant Kingdom', 'NCERT syllabus aligned textbook references for Nursing Entrance Preparation Biology.', 3),
  ('chap_nursing_biology_4', 'sub_nursing_biology', 'Ch 4: Animal Kingdom', 'NCERT syllabus aligned textbook references for Nursing Entrance Preparation Biology.', 4),
  ('chap_nursing_biology_5', 'sub_nursing_biology', 'Ch 5: Cell - The Unit of Life', 'NCERT syllabus aligned textbook references for Nursing Entrance Preparation Biology.', 5),
  ('chap_nursing_chemistry_1', 'sub_nursing_chemistry', 'Ch 1: Some Basic Concepts of Chemistry', 'NCERT syllabus aligned textbook references for Nursing Entrance Preparation Chemistry.', 1),
  ('chap_nursing_chemistry_2', 'sub_nursing_chemistry', 'Ch 2: Structure of Atom', 'NCERT syllabus aligned textbook references for Nursing Entrance Preparation Chemistry.', 2),
  ('chap_nursing_chemistry_3', 'sub_nursing_chemistry', 'Ch 3: Classification of Elements', 'NCERT syllabus aligned textbook references for Nursing Entrance Preparation Chemistry.', 3),
  ('chap_nursing_chemistry_4', 'sub_nursing_chemistry', 'Ch 4: Chemical Bonding', 'NCERT syllabus aligned textbook references for Nursing Entrance Preparation Chemistry.', 4),
  ('chap_nursing_chemistry_5', 'sub_nursing_chemistry', 'Ch 5: Thermodynamics', 'NCERT syllabus aligned textbook references for Nursing Entrance Preparation Chemistry.', 5),
  ('chap_nursing_physics_1', 'sub_nursing_physics', 'Ch 1: Physical World and Measurement', 'NCERT syllabus aligned textbook references for Nursing Entrance Preparation Physics.', 1),
  ('chap_nursing_physics_2', 'sub_nursing_physics', 'Ch 2: Kinematics', 'NCERT syllabus aligned textbook references for Nursing Entrance Preparation Physics.', 2),
  ('chap_nursing_physics_3', 'sub_nursing_physics', 'Ch 3: Laws of Motion', 'NCERT syllabus aligned textbook references for Nursing Entrance Preparation Physics.', 3),
  ('chap_nursing_physics_4', 'sub_nursing_physics', 'Ch 4: Work, Energy and Power', 'NCERT syllabus aligned textbook references for Nursing Entrance Preparation Physics.', 4),
  ('chap_nursing_physics_5', 'sub_nursing_physics', 'Ch 5: Gravitation', 'NCERT syllabus aligned textbook references for Nursing Entrance Preparation Physics.', 5),
  ('chap_nursing_english_1', 'sub_nursing_english', 'Ch 1: Who Did Patrick''s Homework?', 'NCERT syllabus aligned textbook references for Nursing Entrance Preparation English.', 1),
  ('chap_nursing_english_2', 'sub_nursing_english', 'Ch 2: How the Dog Found Himself a New Master!', 'NCERT syllabus aligned textbook references for Nursing Entrance Preparation English.', 2),
  ('chap_nursing_english_3', 'sub_nursing_english', 'Ch 3: Taro''s Reward', 'NCERT syllabus aligned textbook references for Nursing Entrance Preparation English.', 3),
  ('chap_nursing_english_4', 'sub_nursing_english', 'Ch 4: An Indian-American Woman in Space', 'NCERT syllabus aligned textbook references for Nursing Entrance Preparation English.', 4),
  ('chap_nursing_english_5', 'sub_nursing_english', 'Ch 5: A Different Kind of School', 'NCERT syllabus aligned textbook references for Nursing Entrance Preparation English.', 5)
ON CONFLICT (id) DO UPDATE SET "subjectId" = EXCLUDED."subjectId", name = EXCLUDED.name, description = EXCLUDED.description, "orderIndex" = EXCLUDED."orderIndex";

-- 6. Seed Lessons
INSERT INTO public.lessons (id, "chapterId", "courseId", title, description, "orderIndex", "isPremium")
VALUES
  ('less_c6_english_free', 'chap_c6_english_1', 'course_c6_english', 'Lesson 1.1: Introduction and Core Theories (Free Notes)', 'Foundational overview video and high-yield notes.', 1, false),
  ('less_c6_english_premium', 'chap_c6_english_1', 'course_c6_english', 'Lesson 1.2: Premium Practice Problems & PYQ Sheets', 'Detailed chapter solving guide and notes.', 2, true),
  ('less_c6_hindi_free', 'chap_c6_hindi_1', 'course_c6_hindi', 'Lesson 1.1: Introduction and Core Theories (Free Notes)', 'Foundational overview video and high-yield notes.', 1, false),
  ('less_c6_hindi_premium', 'chap_c6_hindi_1', 'course_c6_hindi', 'Lesson 1.2: Premium Practice Problems & PYQ Sheets', 'Detailed chapter solving guide and notes.', 2, true),
  ('less_c6_assamese_free', 'chap_c6_assamese_1', 'course_c6_assamese', 'Lesson 1.1: Introduction and Core Theories (Free Notes)', 'Foundational overview video and high-yield notes.', 1, false),
  ('less_c6_assamese_premium', 'chap_c6_assamese_1', 'course_c6_assamese', 'Lesson 1.2: Premium Practice Problems & PYQ Sheets', 'Detailed chapter solving guide and notes.', 2, true),
  ('less_c6_generalmathematics_free', 'chap_c6_generalmathematics_1', 'course_c6_generalmathematics', 'Lesson 1.1: Introduction and Core Theories (Free Notes)', 'Foundational overview video and high-yield notes.', 1, false),
  ('less_c6_generalmathematics_premium', 'chap_c6_generalmathematics_1', 'course_c6_generalmathematics', 'Lesson 1.2: Premium Practice Problems & PYQ Sheets', 'Detailed chapter solving guide and notes.', 2, true),
  ('less_c6_generalscience_free', 'chap_c6_generalscience_1', 'course_c6_generalscience', 'Lesson 1.1: Introduction and Core Theories (Free Notes)', 'Foundational overview video and high-yield notes.', 1, false),
  ('less_c6_generalscience_premium', 'chap_c6_generalscience_1', 'course_c6_generalscience', 'Lesson 1.2: Premium Practice Problems & PYQ Sheets', 'Detailed chapter solving guide and notes.', 2, true),
  ('less_c6_socialscience_free', 'chap_c6_socialscience_1', 'course_c6_socialscience', 'Lesson 1.1: Introduction and Core Theories (Free Notes)', 'Foundational overview video and high-yield notes.', 1, false),
  ('less_c6_socialscience_premium', 'chap_c6_socialscience_1', 'course_c6_socialscience', 'Lesson 1.2: Premium Practice Problems & PYQ Sheets', 'Detailed chapter solving guide and notes.', 2, true),
  ('less_c7_english_free', 'chap_c7_english_1', 'course_c7_english', 'Lesson 1.1: Introduction and Core Theories (Free Notes)', 'Foundational overview video and high-yield notes.', 1, false),
  ('less_c7_english_premium', 'chap_c7_english_1', 'course_c7_english', 'Lesson 1.2: Premium Practice Problems & PYQ Sheets', 'Detailed chapter solving guide and notes.', 2, true),
  ('less_c7_hindi_free', 'chap_c7_hindi_1', 'course_c7_hindi', 'Lesson 1.1: Introduction and Core Theories (Free Notes)', 'Foundational overview video and high-yield notes.', 1, false),
  ('less_c7_hindi_premium', 'chap_c7_hindi_1', 'course_c7_hindi', 'Lesson 1.2: Premium Practice Problems & PYQ Sheets', 'Detailed chapter solving guide and notes.', 2, true),
  ('less_c7_assamese_free', 'chap_c7_assamese_1', 'course_c7_assamese', 'Lesson 1.1: Introduction and Core Theories (Free Notes)', 'Foundational overview video and high-yield notes.', 1, false),
  ('less_c7_assamese_premium', 'chap_c7_assamese_1', 'course_c7_assamese', 'Lesson 1.2: Premium Practice Problems & PYQ Sheets', 'Detailed chapter solving guide and notes.', 2, true),
  ('less_c7_generalmathematics_free', 'chap_c7_generalmathematics_1', 'course_c7_generalmathematics', 'Lesson 1.1: Introduction and Core Theories (Free Notes)', 'Foundational overview video and high-yield notes.', 1, false),
  ('less_c7_generalmathematics_premium', 'chap_c7_generalmathematics_1', 'course_c7_generalmathematics', 'Lesson 1.2: Premium Practice Problems & PYQ Sheets', 'Detailed chapter solving guide and notes.', 2, true),
  ('less_c7_generalscience_free', 'chap_c7_generalscience_1', 'course_c7_generalscience', 'Lesson 1.1: Introduction and Core Theories (Free Notes)', 'Foundational overview video and high-yield notes.', 1, false),
  ('less_c7_generalscience_premium', 'chap_c7_generalscience_1', 'course_c7_generalscience', 'Lesson 1.2: Premium Practice Problems & PYQ Sheets', 'Detailed chapter solving guide and notes.', 2, true),
  ('less_c7_socialscience_free', 'chap_c7_socialscience_1', 'course_c7_socialscience', 'Lesson 1.1: Introduction and Core Theories (Free Notes)', 'Foundational overview video and high-yield notes.', 1, false),
  ('less_c7_socialscience_premium', 'chap_c7_socialscience_1', 'course_c7_socialscience', 'Lesson 1.2: Premium Practice Problems & PYQ Sheets', 'Detailed chapter solving guide and notes.', 2, true),
  ('less_c8_english_free', 'chap_c8_english_1', 'course_c8_english', 'Lesson 1.1: Introduction and Core Theories (Free Notes)', 'Foundational overview video and high-yield notes.', 1, false),
  ('less_c8_english_premium', 'chap_c8_english_1', 'course_c8_english', 'Lesson 1.2: Premium Practice Problems & PYQ Sheets', 'Detailed chapter solving guide and notes.', 2, true),
  ('less_c8_hindi_free', 'chap_c8_hindi_1', 'course_c8_hindi', 'Lesson 1.1: Introduction and Core Theories (Free Notes)', 'Foundational overview video and high-yield notes.', 1, false),
  ('less_c8_hindi_premium', 'chap_c8_hindi_1', 'course_c8_hindi', 'Lesson 1.2: Premium Practice Problems & PYQ Sheets', 'Detailed chapter solving guide and notes.', 2, true),
  ('less_c8_assamese_free', 'chap_c8_assamese_1', 'course_c8_assamese', 'Lesson 1.1: Introduction and Core Theories (Free Notes)', 'Foundational overview video and high-yield notes.', 1, false),
  ('less_c8_assamese_premium', 'chap_c8_assamese_1', 'course_c8_assamese', 'Lesson 1.2: Premium Practice Problems & PYQ Sheets', 'Detailed chapter solving guide and notes.', 2, true),
  ('less_c8_generalmathematics_free', 'chap_c8_generalmathematics_1', 'course_c8_generalmathematics', 'Lesson 1.1: Introduction and Core Theories (Free Notes)', 'Foundational overview video and high-yield notes.', 1, false),
  ('less_c8_generalmathematics_premium', 'chap_c8_generalmathematics_1', 'course_c8_generalmathematics', 'Lesson 1.2: Premium Practice Problems & PYQ Sheets', 'Detailed chapter solving guide and notes.', 2, true),
  ('less_c8_generalscience_free', 'chap_c8_generalscience_1', 'course_c8_generalscience', 'Lesson 1.1: Introduction and Core Theories (Free Notes)', 'Foundational overview video and high-yield notes.', 1, false),
  ('less_c8_generalscience_premium', 'chap_c8_generalscience_1', 'course_c8_generalscience', 'Lesson 1.2: Premium Practice Problems & PYQ Sheets', 'Detailed chapter solving guide and notes.', 2, true),
  ('less_c8_socialscience_free', 'chap_c8_socialscience_1', 'course_c8_socialscience', 'Lesson 1.1: Introduction and Core Theories (Free Notes)', 'Foundational overview video and high-yield notes.', 1, false),
  ('less_c8_socialscience_premium', 'chap_c8_socialscience_1', 'course_c8_socialscience', 'Lesson 1.2: Premium Practice Problems & PYQ Sheets', 'Detailed chapter solving guide and notes.', 2, true),
  ('less_c9_english_free', 'chap_c9_english_1', 'course_c9_english', 'Lesson 1.1: Introduction and Core Theories (Free Notes)', 'Foundational overview video and high-yield notes.', 1, false),
  ('less_c9_english_premium', 'chap_c9_english_1', 'course_c9_english', 'Lesson 1.2: Premium Practice Problems & PYQ Sheets', 'Detailed chapter solving guide and notes.', 2, true),
  ('less_c9_hindi_free', 'chap_c9_hindi_1', 'course_c9_hindi', 'Lesson 1.1: Introduction and Core Theories (Free Notes)', 'Foundational overview video and high-yield notes.', 1, false),
  ('less_c9_hindi_premium', 'chap_c9_hindi_1', 'course_c9_hindi', 'Lesson 1.2: Premium Practice Problems & PYQ Sheets', 'Detailed chapter solving guide and notes.', 2, true),
  ('less_c9_assamese_free', 'chap_c9_assamese_1', 'course_c9_assamese', 'Lesson 1.1: Introduction and Core Theories (Free Notes)', 'Foundational overview video and high-yield notes.', 1, false),
  ('less_c9_assamese_premium', 'chap_c9_assamese_1', 'course_c9_assamese', 'Lesson 1.2: Premium Practice Problems & PYQ Sheets', 'Detailed chapter solving guide and notes.', 2, true),
  ('less_c9_generalmathematics_free', 'chap_c9_generalmathematics_1', 'course_c9_generalmathematics', 'Lesson 1.1: Introduction and Core Theories (Free Notes)', 'Foundational overview video and high-yield notes.', 1, false),
  ('less_c9_generalmathematics_premium', 'chap_c9_generalmathematics_1', 'course_c9_generalmathematics', 'Lesson 1.2: Premium Practice Problems & PYQ Sheets', 'Detailed chapter solving guide and notes.', 2, true),
  ('less_c9_generalscience_free', 'chap_c9_generalscience_1', 'course_c9_generalscience', 'Lesson 1.1: Introduction and Core Theories (Free Notes)', 'Foundational overview video and high-yield notes.', 1, false),
  ('less_c9_generalscience_premium', 'chap_c9_generalscience_1', 'course_c9_generalscience', 'Lesson 1.2: Premium Practice Problems & PYQ Sheets', 'Detailed chapter solving guide and notes.', 2, true),
  ('less_c9_socialscience_free', 'chap_c9_socialscience_1', 'course_c9_socialscience', 'Lesson 1.1: Introduction and Core Theories (Free Notes)', 'Foundational overview video and high-yield notes.', 1, false),
  ('less_c9_socialscience_premium', 'chap_c9_socialscience_1', 'course_c9_socialscience', 'Lesson 1.2: Premium Practice Problems & PYQ Sheets', 'Detailed chapter solving guide and notes.', 2, true),
  ('less_c10_english_free', 'chap_c10_english_1', 'course_c10_english', 'Lesson 1.1: Introduction and Core Theories (Free Notes)', 'Foundational overview video and high-yield notes.', 1, false),
  ('less_c10_english_premium', 'chap_c10_english_1', 'course_c10_english', 'Lesson 1.2: Premium Practice Problems & PYQ Sheets', 'Detailed chapter solving guide and notes.', 2, true),
  ('less_c10_hindi_free', 'chap_c10_hindi_1', 'course_c10_hindi', 'Lesson 1.1: Introduction and Core Theories (Free Notes)', 'Foundational overview video and high-yield notes.', 1, false),
  ('less_c10_hindi_premium', 'chap_c10_hindi_1', 'course_c10_hindi', 'Lesson 1.2: Premium Practice Problems & PYQ Sheets', 'Detailed chapter solving guide and notes.', 2, true),
  ('less_c10_assamese_free', 'chap_c10_assamese_1', 'course_c10_assamese', 'Lesson 1.1: Introduction and Core Theories (Free Notes)', 'Foundational overview video and high-yield notes.', 1, false),
  ('less_c10_assamese_premium', 'chap_c10_assamese_1', 'course_c10_assamese', 'Lesson 1.2: Premium Practice Problems & PYQ Sheets', 'Detailed chapter solving guide and notes.', 2, true),
  ('less_c10_generalmathematics_free', 'chap_c10_generalmathematics_1', 'course_c10_generalmathematics', 'Lesson 1.1: Introduction and Core Theories (Free Notes)', 'Foundational overview video and high-yield notes.', 1, false),
  ('less_c10_generalmathematics_premium', 'chap_c10_generalmathematics_1', 'course_c10_generalmathematics', 'Lesson 1.2: Premium Practice Problems & PYQ Sheets', 'Detailed chapter solving guide and notes.', 2, true),
  ('less_c10_generalscience_free', 'chap_c10_generalscience_1', 'course_c10_generalscience', 'Lesson 1.1: Introduction and Core Theories (Free Notes)', 'Foundational overview video and high-yield notes.', 1, false),
  ('less_c10_generalscience_premium', 'chap_c10_generalscience_1', 'course_c10_generalscience', 'Lesson 1.2: Premium Practice Problems & PYQ Sheets', 'Detailed chapter solving guide and notes.', 2, true),
  ('less_c10_socialscience_free', 'chap_c10_socialscience_1', 'course_c10_socialscience', 'Lesson 1.1: Introduction and Core Theories (Free Notes)', 'Foundational overview video and high-yield notes.', 1, false),
  ('less_c10_socialscience_premium', 'chap_c10_socialscience_1', 'course_c10_socialscience', 'Lesson 1.2: Premium Practice Problems & PYQ Sheets', 'Detailed chapter solving guide and notes.', 2, true),
  ('less_c11s_physics_free', 'chap_c11s_physics_1', 'course_c11s_physics', 'Lesson 1.1: Introduction and Core Theories (Free Notes)', 'Foundational overview video and high-yield notes.', 1, false),
  ('less_c11s_physics_premium', 'chap_c11s_physics_1', 'course_c11s_physics', 'Lesson 1.2: Premium Practice Problems & PYQ Sheets', 'Detailed chapter solving guide and notes.', 2, true),
  ('less_c11s_chemistry_free', 'chap_c11s_chemistry_1', 'course_c11s_chemistry', 'Lesson 1.1: Introduction and Core Theories (Free Notes)', 'Foundational overview video and high-yield notes.', 1, false),
  ('less_c11s_chemistry_premium', 'chap_c11s_chemistry_1', 'course_c11s_chemistry', 'Lesson 1.2: Premium Practice Problems & PYQ Sheets', 'Detailed chapter solving guide and notes.', 2, true),
  ('less_c11s_biology_free', 'chap_c11s_biology_1', 'course_c11s_biology', 'Lesson 1.1: Introduction and Core Theories (Free Notes)', 'Foundational overview video and high-yield notes.', 1, false),
  ('less_c11s_biology_premium', 'chap_c11s_biology_1', 'course_c11s_biology', 'Lesson 1.2: Premium Practice Problems & PYQ Sheets', 'Detailed chapter solving guide and notes.', 2, true),
  ('less_c11s_mathematics_free', 'chap_c11s_mathematics_1', 'course_c11s_mathematics', 'Lesson 1.1: Introduction and Core Theories (Free Notes)', 'Foundational overview video and high-yield notes.', 1, false),
  ('less_c11s_mathematics_premium', 'chap_c11s_mathematics_1', 'course_c11s_mathematics', 'Lesson 1.2: Premium Practice Problems & PYQ Sheets', 'Detailed chapter solving guide and notes.', 2, true),
  ('less_c11s_english_free', 'chap_c11s_english_1', 'course_c11s_english', 'Lesson 1.1: Introduction and Core Theories (Free Notes)', 'Foundational overview video and high-yield notes.', 1, false),
  ('less_c11s_english_premium', 'chap_c11s_english_1', 'course_c11s_english', 'Lesson 1.2: Premium Practice Problems & PYQ Sheets', 'Detailed chapter solving guide and notes.', 2, true),
  ('less_c12s_physics_free', 'chap_c12s_physics_1', 'course_c12s_physics', 'Lesson 1.1: Introduction and Core Theories (Free Notes)', 'Foundational overview video and high-yield notes.', 1, false),
  ('less_c12s_physics_premium', 'chap_c12s_physics_1', 'course_c12s_physics', 'Lesson 1.2: Premium Practice Problems & PYQ Sheets', 'Detailed chapter solving guide and notes.', 2, true),
  ('less_c12s_chemistry_free', 'chap_c12s_chemistry_1', 'course_c12s_chemistry', 'Lesson 1.1: Introduction and Core Theories (Free Notes)', 'Foundational overview video and high-yield notes.', 1, false),
  ('less_c12s_chemistry_premium', 'chap_c12s_chemistry_1', 'course_c12s_chemistry', 'Lesson 1.2: Premium Practice Problems & PYQ Sheets', 'Detailed chapter solving guide and notes.', 2, true),
  ('less_c12s_biology_free', 'chap_c12s_biology_1', 'course_c12s_biology', 'Lesson 1.1: Introduction and Core Theories (Free Notes)', 'Foundational overview video and high-yield notes.', 1, false),
  ('less_c12s_biology_premium', 'chap_c12s_biology_1', 'course_c12s_biology', 'Lesson 1.2: Premium Practice Problems & PYQ Sheets', 'Detailed chapter solving guide and notes.', 2, true),
  ('less_c12s_mathematics_free', 'chap_c12s_mathematics_1', 'course_c12s_mathematics', 'Lesson 1.1: Introduction and Core Theories (Free Notes)', 'Foundational overview video and high-yield notes.', 1, false),
  ('less_c12s_mathematics_premium', 'chap_c12s_mathematics_1', 'course_c12s_mathematics', 'Lesson 1.2: Premium Practice Problems & PYQ Sheets', 'Detailed chapter solving guide and notes.', 2, true),
  ('less_c12s_english_free', 'chap_c12s_english_1', 'course_c12s_english', 'Lesson 1.1: Introduction and Core Theories (Free Notes)', 'Foundational overview video and high-yield notes.', 1, false),
  ('less_c12s_english_premium', 'chap_c12s_english_1', 'course_c12s_english', 'Lesson 1.2: Premium Practice Problems & PYQ Sheets', 'Detailed chapter solving guide and notes.', 2, true),
  ('less_neet_biology_free', 'chap_neet_biology_1', 'course_neet_biology', 'Lesson 1.1: Introduction and Core Theories (Free Notes)', 'Foundational overview video and high-yield notes.', 1, false),
  ('less_neet_biology_premium', 'chap_neet_biology_1', 'course_neet_biology', 'Lesson 1.2: Premium Practice Problems & PYQ Sheets', 'Detailed chapter solving guide and notes.', 2, true),
  ('less_neet_chemistry_free', 'chap_neet_chemistry_1', 'course_neet_chemistry', 'Lesson 1.1: Introduction and Core Theories (Free Notes)', 'Foundational overview video and high-yield notes.', 1, false),
  ('less_neet_chemistry_premium', 'chap_neet_chemistry_1', 'course_neet_chemistry', 'Lesson 1.2: Premium Practice Problems & PYQ Sheets', 'Detailed chapter solving guide and notes.', 2, true),
  ('less_neet_physics_free', 'chap_neet_physics_1', 'course_neet_physics', 'Lesson 1.1: Introduction and Core Theories (Free Notes)', 'Foundational overview video and high-yield notes.', 1, false),
  ('less_neet_physics_premium', 'chap_neet_physics_1', 'course_neet_physics', 'Lesson 1.2: Premium Practice Problems & PYQ Sheets', 'Detailed chapter solving guide and notes.', 2, true),
  ('less_bpharma_physics_free', 'chap_bpharma_physics_1', 'course_bpharma_physics', 'Lesson 1.1: Introduction and Core Theories (Free Notes)', 'Foundational overview video and high-yield notes.', 1, false),
  ('less_bpharma_physics_premium', 'chap_bpharma_physics_1', 'course_bpharma_physics', 'Lesson 1.2: Premium Practice Problems & PYQ Sheets', 'Detailed chapter solving guide and notes.', 2, true),
  ('less_bpharma_chemistry_free', 'chap_bpharma_chemistry_1', 'course_bpharma_chemistry', 'Lesson 1.1: Introduction and Core Theories (Free Notes)', 'Foundational overview video and high-yield notes.', 1, false),
  ('less_bpharma_chemistry_premium', 'chap_bpharma_chemistry_1', 'course_bpharma_chemistry', 'Lesson 1.2: Premium Practice Problems & PYQ Sheets', 'Detailed chapter solving guide and notes.', 2, true),
  ('less_bpharma_biology_free', 'chap_bpharma_biology_1', 'course_bpharma_biology', 'Lesson 1.1: Introduction and Core Theories (Free Notes)', 'Foundational overview video and high-yield notes.', 1, false),
  ('less_bpharma_biology_premium', 'chap_bpharma_biology_1', 'course_bpharma_biology', 'Lesson 1.2: Premium Practice Problems & PYQ Sheets', 'Detailed chapter solving guide and notes.', 2, true),
  ('less_bpharma_mathematics_free', 'chap_bpharma_mathematics_1', 'course_bpharma_mathematics', 'Lesson 1.1: Introduction and Core Theories (Free Notes)', 'Foundational overview video and high-yield notes.', 1, false),
  ('less_bpharma_mathematics_premium', 'chap_bpharma_mathematics_1', 'course_bpharma_mathematics', 'Lesson 1.2: Premium Practice Problems & PYQ Sheets', 'Detailed chapter solving guide and notes.', 2, true),
  ('less_nursing_biology_free', 'chap_nursing_biology_1', 'course_nursing_biology', 'Lesson 1.1: Introduction and Core Theories (Free Notes)', 'Foundational overview video and high-yield notes.', 1, false),
  ('less_nursing_biology_premium', 'chap_nursing_biology_1', 'course_nursing_biology', 'Lesson 1.2: Premium Practice Problems & PYQ Sheets', 'Detailed chapter solving guide and notes.', 2, true),
  ('less_nursing_chemistry_free', 'chap_nursing_chemistry_1', 'course_nursing_chemistry', 'Lesson 1.1: Introduction and Core Theories (Free Notes)', 'Foundational overview video and high-yield notes.', 1, false),
  ('less_nursing_chemistry_premium', 'chap_nursing_chemistry_1', 'course_nursing_chemistry', 'Lesson 1.2: Premium Practice Problems & PYQ Sheets', 'Detailed chapter solving guide and notes.', 2, true),
  ('less_nursing_physics_free', 'chap_nursing_physics_1', 'course_nursing_physics', 'Lesson 1.1: Introduction and Core Theories (Free Notes)', 'Foundational overview video and high-yield notes.', 1, false),
  ('less_nursing_physics_premium', 'chap_nursing_physics_1', 'course_nursing_physics', 'Lesson 1.2: Premium Practice Problems & PYQ Sheets', 'Detailed chapter solving guide and notes.', 2, true),
  ('less_nursing_english_free', 'chap_nursing_english_1', 'course_nursing_english', 'Lesson 1.1: Introduction and Core Theories (Free Notes)', 'Foundational overview video and high-yield notes.', 1, false),
  ('less_nursing_english_premium', 'chap_nursing_english_1', 'course_nursing_english', 'Lesson 1.2: Premium Practice Problems & PYQ Sheets', 'Detailed chapter solving guide and notes.', 2, true)
ON CONFLICT (id) DO UPDATE SET "chapterId" = EXCLUDED."chapterId", "courseId" = EXCLUDED."courseId", title = EXCLUDED.title, description = EXCLUDED.description, "orderIndex" = EXCLUDED."orderIndex", "isPremium" = EXCLUDED."isPremium";

-- 7. Seed Videos
INSERT INTO public.videos (id, "lessonId", title, provider, "videoIdOrUrl", "durationSeconds")
VALUES
  ('vid_less_c6_english_free', 'less_c6_english_free', 'Core video lecture: English Concepts', 'youtube', 'h7gh96X69Gs', 900),
  ('vid_less_c6_english_premium', 'less_c6_english_premium', 'High-Yield Revision Guide for English', 'youtube', 'sfSId8A98y8', 1200),
  ('vid_less_c6_hindi_free', 'less_c6_hindi_free', 'Core video lecture: Hindi Concepts', 'youtube', 'h7gh96X69Gs', 900),
  ('vid_less_c6_hindi_premium', 'less_c6_hindi_premium', 'High-Yield Revision Guide for Hindi', 'youtube', 'sfSId8A98y8', 1200),
  ('vid_less_c6_assamese_free', 'less_c6_assamese_free', 'Core video lecture: Assamese Concepts', 'youtube', 'h7gh96X69Gs', 900),
  ('vid_less_c6_assamese_premium', 'less_c6_assamese_premium', 'High-Yield Revision Guide for Assamese', 'youtube', 'sfSId8A98y8', 1200),
  ('vid_less_c6_generalmathematics_free', 'less_c6_generalmathematics_free', 'Core video lecture: General Mathematics Concepts', 'youtube', 'h7gh96X69Gs', 900),
  ('vid_less_c6_generalmathematics_premium', 'less_c6_generalmathematics_premium', 'High-Yield Revision Guide for General Mathematics', 'youtube', 'sfSId8A98y8', 1200),
  ('vid_less_c6_generalscience_free', 'less_c6_generalscience_free', 'Core video lecture: General Science Concepts', 'youtube', 'h7gh96X69Gs', 900),
  ('vid_less_c6_generalscience_premium', 'less_c6_generalscience_premium', 'High-Yield Revision Guide for General Science', 'youtube', 'sfSId8A98y8', 1200),
  ('vid_less_c6_socialscience_free', 'less_c6_socialscience_free', 'Core video lecture: Social Science Concepts', 'youtube', 'h7gh96X69Gs', 900),
  ('vid_less_c6_socialscience_premium', 'less_c6_socialscience_premium', 'High-Yield Revision Guide for Social Science', 'youtube', 'sfSId8A98y8', 1200),
  ('vid_less_c7_english_free', 'less_c7_english_free', 'Core video lecture: English Concepts', 'youtube', 'h7gh96X69Gs', 900),
  ('vid_less_c7_english_premium', 'less_c7_english_premium', 'High-Yield Revision Guide for English', 'youtube', 'sfSId8A98y8', 1200),
  ('vid_less_c7_hindi_free', 'less_c7_hindi_free', 'Core video lecture: Hindi Concepts', 'youtube', 'h7gh96X69Gs', 900),
  ('vid_less_c7_hindi_premium', 'less_c7_hindi_premium', 'High-Yield Revision Guide for Hindi', 'youtube', 'sfSId8A98y8', 1200),
  ('vid_less_c7_assamese_free', 'less_c7_assamese_free', 'Core video lecture: Assamese Concepts', 'youtube', 'h7gh96X69Gs', 900),
  ('vid_less_c7_assamese_premium', 'less_c7_assamese_premium', 'High-Yield Revision Guide for Assamese', 'youtube', 'sfSId8A98y8', 1200),
  ('vid_less_c7_generalmathematics_free', 'less_c7_generalmathematics_free', 'Core video lecture: General Mathematics Concepts', 'youtube', 'h7gh96X69Gs', 900),
  ('vid_less_c7_generalmathematics_premium', 'less_c7_generalmathematics_premium', 'High-Yield Revision Guide for General Mathematics', 'youtube', 'sfSId8A98y8', 1200),
  ('vid_less_c7_generalscience_free', 'less_c7_generalscience_free', 'Core video lecture: General Science Concepts', 'youtube', 'h7gh96X69Gs', 900),
  ('vid_less_c7_generalscience_premium', 'less_c7_generalscience_premium', 'High-Yield Revision Guide for General Science', 'youtube', 'sfSId8A98y8', 1200),
  ('vid_less_c7_socialscience_free', 'less_c7_socialscience_free', 'Core video lecture: Social Science Concepts', 'youtube', 'h7gh96X69Gs', 900),
  ('vid_less_c7_socialscience_premium', 'less_c7_socialscience_premium', 'High-Yield Revision Guide for Social Science', 'youtube', 'sfSId8A98y8', 1200),
  ('vid_less_c8_english_free', 'less_c8_english_free', 'Core video lecture: English Concepts', 'youtube', 'h7gh96X69Gs', 900),
  ('vid_less_c8_english_premium', 'less_c8_english_premium', 'High-Yield Revision Guide for English', 'youtube', 'sfSId8A98y8', 1200),
  ('vid_less_c8_hindi_free', 'less_c8_hindi_free', 'Core video lecture: Hindi Concepts', 'youtube', 'h7gh96X69Gs', 900),
  ('vid_less_c8_hindi_premium', 'less_c8_hindi_premium', 'High-Yield Revision Guide for Hindi', 'youtube', 'sfSId8A98y8', 1200),
  ('vid_less_c8_assamese_free', 'less_c8_assamese_free', 'Core video lecture: Assamese Concepts', 'youtube', 'h7gh96X69Gs', 900),
  ('vid_less_c8_assamese_premium', 'less_c8_assamese_premium', 'High-Yield Revision Guide for Assamese', 'youtube', 'sfSId8A98y8', 1200),
  ('vid_less_c8_generalmathematics_free', 'less_c8_generalmathematics_free', 'Core video lecture: General Mathematics Concepts', 'youtube', 'h7gh96X69Gs', 900),
  ('vid_less_c8_generalmathematics_premium', 'less_c8_generalmathematics_premium', 'High-Yield Revision Guide for General Mathematics', 'youtube', 'sfSId8A98y8', 1200),
  ('vid_less_c8_generalscience_free', 'less_c8_generalscience_free', 'Core video lecture: General Science Concepts', 'youtube', 'h7gh96X69Gs', 900),
  ('vid_less_c8_generalscience_premium', 'less_c8_generalscience_premium', 'High-Yield Revision Guide for General Science', 'youtube', 'sfSId8A98y8', 1200),
  ('vid_less_c8_socialscience_free', 'less_c8_socialscience_free', 'Core video lecture: Social Science Concepts', 'youtube', 'h7gh96X69Gs', 900),
  ('vid_less_c8_socialscience_premium', 'less_c8_socialscience_premium', 'High-Yield Revision Guide for Social Science', 'youtube', 'sfSId8A98y8', 1200),
  ('vid_less_c9_english_free', 'less_c9_english_free', 'Core video lecture: English Concepts', 'youtube', 'h7gh96X69Gs', 900),
  ('vid_less_c9_english_premium', 'less_c9_english_premium', 'High-Yield Revision Guide for English', 'youtube', 'sfSId8A98y8', 1200),
  ('vid_less_c9_hindi_free', 'less_c9_hindi_free', 'Core video lecture: Hindi Concepts', 'youtube', 'h7gh96X69Gs', 900),
  ('vid_less_c9_hindi_premium', 'less_c9_hindi_premium', 'High-Yield Revision Guide for Hindi', 'youtube', 'sfSId8A98y8', 1200),
  ('vid_less_c9_assamese_free', 'less_c9_assamese_free', 'Core video lecture: Assamese Concepts', 'youtube', 'h7gh96X69Gs', 900),
  ('vid_less_c9_assamese_premium', 'less_c9_assamese_premium', 'High-Yield Revision Guide for Assamese', 'youtube', 'sfSId8A98y8', 1200),
  ('vid_less_c9_generalmathematics_free', 'less_c9_generalmathematics_free', 'Core video lecture: General Mathematics Concepts', 'youtube', 'h7gh96X69Gs', 900),
  ('vid_less_c9_generalmathematics_premium', 'less_c9_generalmathematics_premium', 'High-Yield Revision Guide for General Mathematics', 'youtube', 'sfSId8A98y8', 1200),
  ('vid_less_c9_generalscience_free', 'less_c9_generalscience_free', 'Core video lecture: General Science Concepts', 'youtube', 'h7gh96X69Gs', 900),
  ('vid_less_c9_generalscience_premium', 'less_c9_generalscience_premium', 'High-Yield Revision Guide for General Science', 'youtube', 'sfSId8A98y8', 1200),
  ('vid_less_c9_socialscience_free', 'less_c9_socialscience_free', 'Core video lecture: Social Science Concepts', 'youtube', 'h7gh96X69Gs', 900),
  ('vid_less_c9_socialscience_premium', 'less_c9_socialscience_premium', 'High-Yield Revision Guide for Social Science', 'youtube', 'sfSId8A98y8', 1200),
  ('vid_less_c10_english_free', 'less_c10_english_free', 'Core video lecture: English Concepts', 'youtube', 'h7gh96X69Gs', 900),
  ('vid_less_c10_english_premium', 'less_c10_english_premium', 'High-Yield Revision Guide for English', 'youtube', 'sfSId8A98y8', 1200),
  ('vid_less_c10_hindi_free', 'less_c10_hindi_free', 'Core video lecture: Hindi Concepts', 'youtube', 'h7gh96X69Gs', 900),
  ('vid_less_c10_hindi_premium', 'less_c10_hindi_premium', 'High-Yield Revision Guide for Hindi', 'youtube', 'sfSId8A98y8', 1200),
  ('vid_less_c10_assamese_free', 'less_c10_assamese_free', 'Core video lecture: Assamese Concepts', 'youtube', 'h7gh96X69Gs', 900),
  ('vid_less_c10_assamese_premium', 'less_c10_assamese_premium', 'High-Yield Revision Guide for Assamese', 'youtube', 'sfSId8A98y8', 1200),
  ('vid_less_c10_generalmathematics_free', 'less_c10_generalmathematics_free', 'Core video lecture: General Mathematics Concepts', 'youtube', 'h7gh96X69Gs', 900),
  ('vid_less_c10_generalmathematics_premium', 'less_c10_generalmathematics_premium', 'High-Yield Revision Guide for General Mathematics', 'youtube', 'sfSId8A98y8', 1200),
  ('vid_less_c10_generalscience_free', 'less_c10_generalscience_free', 'Core video lecture: General Science Concepts', 'youtube', 'h7gh96X69Gs', 900),
  ('vid_less_c10_generalscience_premium', 'less_c10_generalscience_premium', 'High-Yield Revision Guide for General Science', 'youtube', 'sfSId8A98y8', 1200),
  ('vid_less_c10_socialscience_free', 'less_c10_socialscience_free', 'Core video lecture: Social Science Concepts', 'youtube', 'h7gh96X69Gs', 900),
  ('vid_less_c10_socialscience_premium', 'less_c10_socialscience_premium', 'High-Yield Revision Guide for Social Science', 'youtube', 'sfSId8A98y8', 1200),
  ('vid_less_c11s_physics_free', 'less_c11s_physics_free', 'Core video lecture: Physics Concepts', 'youtube', 'h7gh96X69Gs', 900),
  ('vid_less_c11s_physics_premium', 'less_c11s_physics_premium', 'High-Yield Revision Guide for Physics', 'youtube', 'sfSId8A98y8', 1200),
  ('vid_less_c11s_chemistry_free', 'less_c11s_chemistry_free', 'Core video lecture: Chemistry Concepts', 'youtube', 'h7gh96X69Gs', 900),
  ('vid_less_c11s_chemistry_premium', 'less_c11s_chemistry_premium', 'High-Yield Revision Guide for Chemistry', 'youtube', 'sfSId8A98y8', 1200),
  ('vid_less_c11s_biology_free', 'less_c11s_biology_free', 'Core video lecture: Biology Concepts', 'youtube', 'h7gh96X69Gs', 900),
  ('vid_less_c11s_biology_premium', 'less_c11s_biology_premium', 'High-Yield Revision Guide for Biology', 'youtube', 'sfSId8A98y8', 1200),
  ('vid_less_c11s_mathematics_free', 'less_c11s_mathematics_free', 'Core video lecture: Mathematics Concepts', 'youtube', 'h7gh96X69Gs', 900),
  ('vid_less_c11s_mathematics_premium', 'less_c11s_mathematics_premium', 'High-Yield Revision Guide for Mathematics', 'youtube', 'sfSId8A98y8', 1200),
  ('vid_less_c11s_english_free', 'less_c11s_english_free', 'Core video lecture: English Concepts', 'youtube', 'h7gh96X69Gs', 900),
  ('vid_less_c11s_english_premium', 'less_c11s_english_premium', 'High-Yield Revision Guide for English', 'youtube', 'sfSId8A98y8', 1200),
  ('vid_less_c12s_physics_free', 'less_c12s_physics_free', 'Core video lecture: Physics Concepts', 'youtube', 'h7gh96X69Gs', 900),
  ('vid_less_c12s_physics_premium', 'less_c12s_physics_premium', 'High-Yield Revision Guide for Physics', 'youtube', 'sfSId8A98y8', 1200),
  ('vid_less_c12s_chemistry_free', 'less_c12s_chemistry_free', 'Core video lecture: Chemistry Concepts', 'youtube', 'h7gh96X69Gs', 900),
  ('vid_less_c12s_chemistry_premium', 'less_c12s_chemistry_premium', 'High-Yield Revision Guide for Chemistry', 'youtube', 'sfSId8A98y8', 1200),
  ('vid_less_c12s_biology_free', 'less_c12s_biology_free', 'Core video lecture: Biology Concepts', 'youtube', 'h7gh96X69Gs', 900),
  ('vid_less_c12s_biology_premium', 'less_c12s_biology_premium', 'High-Yield Revision Guide for Biology', 'youtube', 'sfSId8A98y8', 1200),
  ('vid_less_c12s_mathematics_free', 'less_c12s_mathematics_free', 'Core video lecture: Mathematics Concepts', 'youtube', 'h7gh96X69Gs', 900),
  ('vid_less_c12s_mathematics_premium', 'less_c12s_mathematics_premium', 'High-Yield Revision Guide for Mathematics', 'youtube', 'sfSId8A98y8', 1200),
  ('vid_less_c12s_english_free', 'less_c12s_english_free', 'Core video lecture: English Concepts', 'youtube', 'h7gh96X69Gs', 900),
  ('vid_less_c12s_english_premium', 'less_c12s_english_premium', 'High-Yield Revision Guide for English', 'youtube', 'sfSId8A98y8', 1200),
  ('vid_less_neet_biology_free', 'less_neet_biology_free', 'Core video lecture: Biology Concepts', 'youtube', 'h7gh96X69Gs', 900),
  ('vid_less_neet_biology_premium', 'less_neet_biology_premium', 'High-Yield Revision Guide for Biology', 'youtube', 'sfSId8A98y8', 1200),
  ('vid_less_neet_chemistry_free', 'less_neet_chemistry_free', 'Core video lecture: Chemistry Concepts', 'youtube', 'h7gh96X69Gs', 900),
  ('vid_less_neet_chemistry_premium', 'less_neet_chemistry_premium', 'High-Yield Revision Guide for Chemistry', 'youtube', 'sfSId8A98y8', 1200),
  ('vid_less_neet_physics_free', 'less_neet_physics_free', 'Core video lecture: Physics Concepts', 'youtube', 'h7gh96X69Gs', 900),
  ('vid_less_neet_physics_premium', 'less_neet_physics_premium', 'High-Yield Revision Guide for Physics', 'youtube', 'sfSId8A98y8', 1200),
  ('vid_less_bpharma_physics_free', 'less_bpharma_physics_free', 'Core video lecture: Physics Concepts', 'youtube', 'h7gh96X69Gs', 900),
  ('vid_less_bpharma_physics_premium', 'less_bpharma_physics_premium', 'High-Yield Revision Guide for Physics', 'youtube', 'sfSId8A98y8', 1200),
  ('vid_less_bpharma_chemistry_free', 'less_bpharma_chemistry_free', 'Core video lecture: Chemistry Concepts', 'youtube', 'h7gh96X69Gs', 900),
  ('vid_less_bpharma_chemistry_premium', 'less_bpharma_chemistry_premium', 'High-Yield Revision Guide for Chemistry', 'youtube', 'sfSId8A98y8', 1200),
  ('vid_less_bpharma_biology_free', 'less_bpharma_biology_free', 'Core video lecture: Biology Concepts', 'youtube', 'h7gh96X69Gs', 900),
  ('vid_less_bpharma_biology_premium', 'less_bpharma_biology_premium', 'High-Yield Revision Guide for Biology', 'youtube', 'sfSId8A98y8', 1200),
  ('vid_less_bpharma_mathematics_free', 'less_bpharma_mathematics_free', 'Core video lecture: Mathematics Concepts', 'youtube', 'h7gh96X69Gs', 900),
  ('vid_less_bpharma_mathematics_premium', 'less_bpharma_mathematics_premium', 'High-Yield Revision Guide for Mathematics', 'youtube', 'sfSId8A98y8', 1200),
  ('vid_less_nursing_biology_free', 'less_nursing_biology_free', 'Core video lecture: Biology Concepts', 'youtube', 'h7gh96X69Gs', 900),
  ('vid_less_nursing_biology_premium', 'less_nursing_biology_premium', 'High-Yield Revision Guide for Biology', 'youtube', 'sfSId8A98y8', 1200),
  ('vid_less_nursing_chemistry_free', 'less_nursing_chemistry_free', 'Core video lecture: Chemistry Concepts', 'youtube', 'h7gh96X69Gs', 900),
  ('vid_less_nursing_chemistry_premium', 'less_nursing_chemistry_premium', 'High-Yield Revision Guide for Chemistry', 'youtube', 'sfSId8A98y8', 1200),
  ('vid_less_nursing_physics_free', 'less_nursing_physics_free', 'Core video lecture: Physics Concepts', 'youtube', 'h7gh96X69Gs', 900),
  ('vid_less_nursing_physics_premium', 'less_nursing_physics_premium', 'High-Yield Revision Guide for Physics', 'youtube', 'sfSId8A98y8', 1200),
  ('vid_less_nursing_english_free', 'less_nursing_english_free', 'Core video lecture: English Concepts', 'youtube', 'h7gh96X69Gs', 900),
  ('vid_less_nursing_english_premium', 'less_nursing_english_premium', 'High-Yield Revision Guide for English', 'youtube', 'sfSId8A98y8', 1200)
ON CONFLICT (id) DO UPDATE SET "lessonId" = EXCLUDED."lessonId", title = EXCLUDED.title, provider = EXCLUDED.provider, "videoIdOrUrl" = EXCLUDED."videoIdOrUrl", "durationSeconds" = EXCLUDED."durationSeconds";

-- 8. Seed Notes
INSERT INTO public.notes (id, "lessonId", "classId", "subjectId", type, title, "pdfUrl", "sizeBytes", "isPremium", price)
VALUES
  ('note_less_c6_english_free_pdf', 'less_c6_english_free', 'c6', 'sub_c6_english', 'notes', 'Class 6 English - Revision Handout (Free).pdf', 'https://www.w3.org/WAI/ER/tests/xhtml/testfiles/resources/pdf/dummy.pdf', 154000, false, 0),
  ('note_less_c6_english_premium_pdf', 'less_c6_english_premium', 'c6', 'sub_c6_english', 'notes', 'Class 6 English - Premium Chapter Key (Locked).pdf', 'https://www.w3.org/WAI/ER/tests/xhtml/testfiles/resources/pdf/dummy.pdf', 280000, true, 30),
  ('note_less_c6_hindi_free_pdf', 'less_c6_hindi_free', 'c6', 'sub_c6_hindi', 'notes', 'Class 6 Hindi - Revision Handout (Free).pdf', 'https://www.w3.org/WAI/ER/tests/xhtml/testfiles/resources/pdf/dummy.pdf', 154000, false, 0),
  ('note_less_c6_hindi_premium_pdf', 'less_c6_hindi_premium', 'c6', 'sub_c6_hindi', 'notes', 'Class 6 Hindi - Premium Chapter Key (Locked).pdf', 'https://www.w3.org/WAI/ER/tests/xhtml/testfiles/resources/pdf/dummy.pdf', 280000, true, 30),
  ('note_less_c6_assamese_free_pdf', 'less_c6_assamese_free', 'c6', 'sub_c6_assamese', 'notes', 'Class 6 Assamese - Revision Handout (Free).pdf', 'https://www.w3.org/WAI/ER/tests/xhtml/testfiles/resources/pdf/dummy.pdf', 154000, false, 0),
  ('note_less_c6_assamese_premium_pdf', 'less_c6_assamese_premium', 'c6', 'sub_c6_assamese', 'notes', 'Class 6 Assamese - Premium Chapter Key (Locked).pdf', 'https://www.w3.org/WAI/ER/tests/xhtml/testfiles/resources/pdf/dummy.pdf', 280000, true, 30),
  ('note_less_c6_generalmathematics_free_pdf', 'less_c6_generalmathematics_free', 'c6', 'sub_c6_generalmathematics', 'notes', 'Class 6 General Mathematics - Revision Handout (Free).pdf', 'https://www.w3.org/WAI/ER/tests/xhtml/testfiles/resources/pdf/dummy.pdf', 154000, false, 0),
  ('note_less_c6_generalmathematics_premium_pdf', 'less_c6_generalmathematics_premium', 'c6', 'sub_c6_generalmathematics', 'notes', 'Class 6 General Mathematics - Premium Chapter Key (Locked).pdf', 'https://www.w3.org/WAI/ER/tests/xhtml/testfiles/resources/pdf/dummy.pdf', 280000, true, 30),
  ('note_less_c6_generalscience_free_pdf', 'less_c6_generalscience_free', 'c6', 'sub_c6_generalscience', 'notes', 'Class 6 General Science - Revision Handout (Free).pdf', 'https://www.w3.org/WAI/ER/tests/xhtml/testfiles/resources/pdf/dummy.pdf', 154000, false, 0),
  ('note_less_c6_generalscience_premium_pdf', 'less_c6_generalscience_premium', 'c6', 'sub_c6_generalscience', 'notes', 'Class 6 General Science - Premium Chapter Key (Locked).pdf', 'https://www.w3.org/WAI/ER/tests/xhtml/testfiles/resources/pdf/dummy.pdf', 280000, true, 30),
  ('note_less_c6_socialscience_free_pdf', 'less_c6_socialscience_free', 'c6', 'sub_c6_socialscience', 'notes', 'Class 6 Social Science - Revision Handout (Free).pdf', 'https://www.w3.org/WAI/ER/tests/xhtml/testfiles/resources/pdf/dummy.pdf', 154000, false, 0),
  ('note_less_c6_socialscience_premium_pdf', 'less_c6_socialscience_premium', 'c6', 'sub_c6_socialscience', 'notes', 'Class 6 Social Science - Premium Chapter Key (Locked).pdf', 'https://www.w3.org/WAI/ER/tests/xhtml/testfiles/resources/pdf/dummy.pdf', 280000, true, 30),
  ('note_less_c7_english_free_pdf', 'less_c7_english_free', 'c7', 'sub_c7_english', 'notes', 'Class 7 English - Revision Handout (Free).pdf', 'https://www.w3.org/WAI/ER/tests/xhtml/testfiles/resources/pdf/dummy.pdf', 154000, false, 0),
  ('note_less_c7_english_premium_pdf', 'less_c7_english_premium', 'c7', 'sub_c7_english', 'notes', 'Class 7 English - Premium Chapter Key (Locked).pdf', 'https://www.w3.org/WAI/ER/tests/xhtml/testfiles/resources/pdf/dummy.pdf', 280000, true, 30),
  ('note_less_c7_hindi_free_pdf', 'less_c7_hindi_free', 'c7', 'sub_c7_hindi', 'notes', 'Class 7 Hindi - Revision Handout (Free).pdf', 'https://www.w3.org/WAI/ER/tests/xhtml/testfiles/resources/pdf/dummy.pdf', 154000, false, 0),
  ('note_less_c7_hindi_premium_pdf', 'less_c7_hindi_premium', 'c7', 'sub_c7_hindi', 'notes', 'Class 7 Hindi - Premium Chapter Key (Locked).pdf', 'https://www.w3.org/WAI/ER/tests/xhtml/testfiles/resources/pdf/dummy.pdf', 280000, true, 30),
  ('note_less_c7_assamese_free_pdf', 'less_c7_assamese_free', 'c7', 'sub_c7_assamese', 'notes', 'Class 7 Assamese - Revision Handout (Free).pdf', 'https://www.w3.org/WAI/ER/tests/xhtml/testfiles/resources/pdf/dummy.pdf', 154000, false, 0),
  ('note_less_c7_assamese_premium_pdf', 'less_c7_assamese_premium', 'c7', 'sub_c7_assamese', 'notes', 'Class 7 Assamese - Premium Chapter Key (Locked).pdf', 'https://www.w3.org/WAI/ER/tests/xhtml/testfiles/resources/pdf/dummy.pdf', 280000, true, 30),
  ('note_less_c7_generalmathematics_free_pdf', 'less_c7_generalmathematics_free', 'c7', 'sub_c7_generalmathematics', 'notes', 'Class 7 General Mathematics - Revision Handout (Free).pdf', 'https://www.w3.org/WAI/ER/tests/xhtml/testfiles/resources/pdf/dummy.pdf', 154000, false, 0),
  ('note_less_c7_generalmathematics_premium_pdf', 'less_c7_generalmathematics_premium', 'c7', 'sub_c7_generalmathematics', 'notes', 'Class 7 General Mathematics - Premium Chapter Key (Locked).pdf', 'https://www.w3.org/WAI/ER/tests/xhtml/testfiles/resources/pdf/dummy.pdf', 280000, true, 30),
  ('note_less_c7_generalscience_free_pdf', 'less_c7_generalscience_free', 'c7', 'sub_c7_generalscience', 'notes', 'Class 7 General Science - Revision Handout (Free).pdf', 'https://www.w3.org/WAI/ER/tests/xhtml/testfiles/resources/pdf/dummy.pdf', 154000, false, 0),
  ('note_less_c7_generalscience_premium_pdf', 'less_c7_generalscience_premium', 'c7', 'sub_c7_generalscience', 'notes', 'Class 7 General Science - Premium Chapter Key (Locked).pdf', 'https://www.w3.org/WAI/ER/tests/xhtml/testfiles/resources/pdf/dummy.pdf', 280000, true, 30),
  ('note_less_c7_socialscience_free_pdf', 'less_c7_socialscience_free', 'c7', 'sub_c7_socialscience', 'notes', 'Class 7 Social Science - Revision Handout (Free).pdf', 'https://www.w3.org/WAI/ER/tests/xhtml/testfiles/resources/pdf/dummy.pdf', 154000, false, 0),
  ('note_less_c7_socialscience_premium_pdf', 'less_c7_socialscience_premium', 'c7', 'sub_c7_socialscience', 'notes', 'Class 7 Social Science - Premium Chapter Key (Locked).pdf', 'https://www.w3.org/WAI/ER/tests/xhtml/testfiles/resources/pdf/dummy.pdf', 280000, true, 30),
  ('note_less_c8_english_free_pdf', 'less_c8_english_free', 'c8', 'sub_c8_english', 'notes', 'Class 8 English - Revision Handout (Free).pdf', 'https://www.w3.org/WAI/ER/tests/xhtml/testfiles/resources/pdf/dummy.pdf', 154000, false, 0),
  ('note_less_c8_english_premium_pdf', 'less_c8_english_premium', 'c8', 'sub_c8_english', 'notes', 'Class 8 English - Premium Chapter Key (Locked).pdf', 'https://www.w3.org/WAI/ER/tests/xhtml/testfiles/resources/pdf/dummy.pdf', 280000, true, 30),
  ('note_less_c8_hindi_free_pdf', 'less_c8_hindi_free', 'c8', 'sub_c8_hindi', 'notes', 'Class 8 Hindi - Revision Handout (Free).pdf', 'https://www.w3.org/WAI/ER/tests/xhtml/testfiles/resources/pdf/dummy.pdf', 154000, false, 0),
  ('note_less_c8_hindi_premium_pdf', 'less_c8_hindi_premium', 'c8', 'sub_c8_hindi', 'notes', 'Class 8 Hindi - Premium Chapter Key (Locked).pdf', 'https://www.w3.org/WAI/ER/tests/xhtml/testfiles/resources/pdf/dummy.pdf', 280000, true, 30),
  ('note_less_c8_assamese_free_pdf', 'less_c8_assamese_free', 'c8', 'sub_c8_assamese', 'notes', 'Class 8 Assamese - Revision Handout (Free).pdf', 'https://www.w3.org/WAI/ER/tests/xhtml/testfiles/resources/pdf/dummy.pdf', 154000, false, 0),
  ('note_less_c8_assamese_premium_pdf', 'less_c8_assamese_premium', 'c8', 'sub_c8_assamese', 'notes', 'Class 8 Assamese - Premium Chapter Key (Locked).pdf', 'https://www.w3.org/WAI/ER/tests/xhtml/testfiles/resources/pdf/dummy.pdf', 280000, true, 30),
  ('note_less_c8_generalmathematics_free_pdf', 'less_c8_generalmathematics_free', 'c8', 'sub_c8_generalmathematics', 'notes', 'Class 8 General Mathematics - Revision Handout (Free).pdf', 'https://www.w3.org/WAI/ER/tests/xhtml/testfiles/resources/pdf/dummy.pdf', 154000, false, 0),
  ('note_less_c8_generalmathematics_premium_pdf', 'less_c8_generalmathematics_premium', 'c8', 'sub_c8_generalmathematics', 'notes', 'Class 8 General Mathematics - Premium Chapter Key (Locked).pdf', 'https://www.w3.org/WAI/ER/tests/xhtml/testfiles/resources/pdf/dummy.pdf', 280000, true, 30),
  ('note_less_c8_generalscience_free_pdf', 'less_c8_generalscience_free', 'c8', 'sub_c8_generalscience', 'notes', 'Class 8 General Science - Revision Handout (Free).pdf', 'https://www.w3.org/WAI/ER/tests/xhtml/testfiles/resources/pdf/dummy.pdf', 154000, false, 0),
  ('note_less_c8_generalscience_premium_pdf', 'less_c8_generalscience_premium', 'c8', 'sub_c8_generalscience', 'notes', 'Class 8 General Science - Premium Chapter Key (Locked).pdf', 'https://www.w3.org/WAI/ER/tests/xhtml/testfiles/resources/pdf/dummy.pdf', 280000, true, 30),
  ('note_less_c8_socialscience_free_pdf', 'less_c8_socialscience_free', 'c8', 'sub_c8_socialscience', 'notes', 'Class 8 Social Science - Revision Handout (Free).pdf', 'https://www.w3.org/WAI/ER/tests/xhtml/testfiles/resources/pdf/dummy.pdf', 154000, false, 0),
  ('note_less_c8_socialscience_premium_pdf', 'less_c8_socialscience_premium', 'c8', 'sub_c8_socialscience', 'notes', 'Class 8 Social Science - Premium Chapter Key (Locked).pdf', 'https://www.w3.org/WAI/ER/tests/xhtml/testfiles/resources/pdf/dummy.pdf', 280000, true, 30),
  ('note_less_c9_english_free_pdf', 'less_c9_english_free', 'c9', 'sub_c9_english', 'notes', 'Class 9 English - Revision Handout (Free).pdf', 'https://www.w3.org/WAI/ER/tests/xhtml/testfiles/resources/pdf/dummy.pdf', 154000, false, 0),
  ('note_less_c9_english_premium_pdf', 'less_c9_english_premium', 'c9', 'sub_c9_english', 'notes', 'Class 9 English - Premium Chapter Key (Locked).pdf', 'https://www.w3.org/WAI/ER/tests/xhtml/testfiles/resources/pdf/dummy.pdf', 280000, true, 30),
  ('note_less_c9_hindi_free_pdf', 'less_c9_hindi_free', 'c9', 'sub_c9_hindi', 'notes', 'Class 9 Hindi - Revision Handout (Free).pdf', 'https://www.w3.org/WAI/ER/tests/xhtml/testfiles/resources/pdf/dummy.pdf', 154000, false, 0),
  ('note_less_c9_hindi_premium_pdf', 'less_c9_hindi_premium', 'c9', 'sub_c9_hindi', 'notes', 'Class 9 Hindi - Premium Chapter Key (Locked).pdf', 'https://www.w3.org/WAI/ER/tests/xhtml/testfiles/resources/pdf/dummy.pdf', 280000, true, 30),
  ('note_less_c9_assamese_free_pdf', 'less_c9_assamese_free', 'c9', 'sub_c9_assamese', 'notes', 'Class 9 Assamese - Revision Handout (Free).pdf', 'https://www.w3.org/WAI/ER/tests/xhtml/testfiles/resources/pdf/dummy.pdf', 154000, false, 0),
  ('note_less_c9_assamese_premium_pdf', 'less_c9_assamese_premium', 'c9', 'sub_c9_assamese', 'notes', 'Class 9 Assamese - Premium Chapter Key (Locked).pdf', 'https://www.w3.org/WAI/ER/tests/xhtml/testfiles/resources/pdf/dummy.pdf', 280000, true, 30),
  ('note_less_c9_generalmathematics_free_pdf', 'less_c9_generalmathematics_free', 'c9', 'sub_c9_generalmathematics', 'notes', 'Class 9 General Mathematics - Revision Handout (Free).pdf', 'https://www.w3.org/WAI/ER/tests/xhtml/testfiles/resources/pdf/dummy.pdf', 154000, false, 0),
  ('note_less_c9_generalmathematics_premium_pdf', 'less_c9_generalmathematics_premium', 'c9', 'sub_c9_generalmathematics', 'notes', 'Class 9 General Mathematics - Premium Chapter Key (Locked).pdf', 'https://www.w3.org/WAI/ER/tests/xhtml/testfiles/resources/pdf/dummy.pdf', 280000, true, 30),
  ('note_less_c9_generalscience_free_pdf', 'less_c9_generalscience_free', 'c9', 'sub_c9_generalscience', 'notes', 'Class 9 General Science - Revision Handout (Free).pdf', 'https://www.w3.org/WAI/ER/tests/xhtml/testfiles/resources/pdf/dummy.pdf', 154000, false, 0),
  ('note_less_c9_generalscience_premium_pdf', 'less_c9_generalscience_premium', 'c9', 'sub_c9_generalscience', 'notes', 'Class 9 General Science - Premium Chapter Key (Locked).pdf', 'https://www.w3.org/WAI/ER/tests/xhtml/testfiles/resources/pdf/dummy.pdf', 280000, true, 30),
  ('note_less_c9_socialscience_free_pdf', 'less_c9_socialscience_free', 'c9', 'sub_c9_socialscience', 'notes', 'Class 9 Social Science - Revision Handout (Free).pdf', 'https://www.w3.org/WAI/ER/tests/xhtml/testfiles/resources/pdf/dummy.pdf', 154000, false, 0),
  ('note_less_c9_socialscience_premium_pdf', 'less_c9_socialscience_premium', 'c9', 'sub_c9_socialscience', 'notes', 'Class 9 Social Science - Premium Chapter Key (Locked).pdf', 'https://www.w3.org/WAI/ER/tests/xhtml/testfiles/resources/pdf/dummy.pdf', 280000, true, 30),
  ('note_less_c10_english_free_pdf', 'less_c10_english_free', 'c10', 'sub_c10_english', 'notes', 'Class 10 English - Revision Handout (Free).pdf', 'https://www.w3.org/WAI/ER/tests/xhtml/testfiles/resources/pdf/dummy.pdf', 154000, false, 0),
  ('note_less_c10_english_premium_pdf', 'less_c10_english_premium', 'c10', 'sub_c10_english', 'notes', 'Class 10 English - Premium Chapter Key (Locked).pdf', 'https://www.w3.org/WAI/ER/tests/xhtml/testfiles/resources/pdf/dummy.pdf', 280000, true, 30),
  ('note_less_c10_hindi_free_pdf', 'less_c10_hindi_free', 'c10', 'sub_c10_hindi', 'notes', 'Class 10 Hindi - Revision Handout (Free).pdf', 'https://www.w3.org/WAI/ER/tests/xhtml/testfiles/resources/pdf/dummy.pdf', 154000, false, 0),
  ('note_less_c10_hindi_premium_pdf', 'less_c10_hindi_premium', 'c10', 'sub_c10_hindi', 'notes', 'Class 10 Hindi - Premium Chapter Key (Locked).pdf', 'https://www.w3.org/WAI/ER/tests/xhtml/testfiles/resources/pdf/dummy.pdf', 280000, true, 30),
  ('note_less_c10_assamese_free_pdf', 'less_c10_assamese_free', 'c10', 'sub_c10_assamese', 'notes', 'Class 10 Assamese - Revision Handout (Free).pdf', 'https://www.w3.org/WAI/ER/tests/xhtml/testfiles/resources/pdf/dummy.pdf', 154000, false, 0),
  ('note_less_c10_assamese_premium_pdf', 'less_c10_assamese_premium', 'c10', 'sub_c10_assamese', 'notes', 'Class 10 Assamese - Premium Chapter Key (Locked).pdf', 'https://www.w3.org/WAI/ER/tests/xhtml/testfiles/resources/pdf/dummy.pdf', 280000, true, 30),
  ('note_less_c10_generalmathematics_free_pdf', 'less_c10_generalmathematics_free', 'c10', 'sub_c10_generalmathematics', 'notes', 'Class 10 General Mathematics - Revision Handout (Free).pdf', 'https://www.w3.org/WAI/ER/tests/xhtml/testfiles/resources/pdf/dummy.pdf', 154000, false, 0),
  ('note_less_c10_generalmathematics_premium_pdf', 'less_c10_generalmathematics_premium', 'c10', 'sub_c10_generalmathematics', 'notes', 'Class 10 General Mathematics - Premium Chapter Key (Locked).pdf', 'https://www.w3.org/WAI/ER/tests/xhtml/testfiles/resources/pdf/dummy.pdf', 280000, true, 30),
  ('note_less_c10_generalscience_free_pdf', 'less_c10_generalscience_free', 'c10', 'sub_c10_generalscience', 'notes', 'Class 10 General Science - Revision Handout (Free).pdf', 'https://www.w3.org/WAI/ER/tests/xhtml/testfiles/resources/pdf/dummy.pdf', 154000, false, 0),
  ('note_less_c10_generalscience_premium_pdf', 'less_c10_generalscience_premium', 'c10', 'sub_c10_generalscience', 'notes', 'Class 10 General Science - Premium Chapter Key (Locked).pdf', 'https://www.w3.org/WAI/ER/tests/xhtml/testfiles/resources/pdf/dummy.pdf', 280000, true, 30),
  ('note_less_c10_socialscience_free_pdf', 'less_c10_socialscience_free', 'c10', 'sub_c10_socialscience', 'notes', 'Class 10 Social Science - Revision Handout (Free).pdf', 'https://www.w3.org/WAI/ER/tests/xhtml/testfiles/resources/pdf/dummy.pdf', 154000, false, 0),
  ('note_less_c10_socialscience_premium_pdf', 'less_c10_socialscience_premium', 'c10', 'sub_c10_socialscience', 'notes', 'Class 10 Social Science - Premium Chapter Key (Locked).pdf', 'https://www.w3.org/WAI/ER/tests/xhtml/testfiles/resources/pdf/dummy.pdf', 280000, true, 30),
  ('note_less_c11s_physics_free_pdf', 'less_c11s_physics_free', 'c11s', 'sub_c11s_physics', 'notes', 'Class 11 Science Physics - Revision Handout (Free).pdf', 'https://www.w3.org/WAI/ER/tests/xhtml/testfiles/resources/pdf/dummy.pdf', 154000, false, 0),
  ('note_less_c11s_physics_premium_pdf', 'less_c11s_physics_premium', 'c11s', 'sub_c11s_physics', 'notes', 'Class 11 Science Physics - Premium Chapter Key (Locked).pdf', 'https://www.w3.org/WAI/ER/tests/xhtml/testfiles/resources/pdf/dummy.pdf', 280000, true, 30),
  ('note_less_c11s_chemistry_free_pdf', 'less_c11s_chemistry_free', 'c11s', 'sub_c11s_chemistry', 'notes', 'Class 11 Science Chemistry - Revision Handout (Free).pdf', 'https://www.w3.org/WAI/ER/tests/xhtml/testfiles/resources/pdf/dummy.pdf', 154000, false, 0),
  ('note_less_c11s_chemistry_premium_pdf', 'less_c11s_chemistry_premium', 'c11s', 'sub_c11s_chemistry', 'notes', 'Class 11 Science Chemistry - Premium Chapter Key (Locked).pdf', 'https://www.w3.org/WAI/ER/tests/xhtml/testfiles/resources/pdf/dummy.pdf', 280000, true, 30),
  ('note_less_c11s_biology_free_pdf', 'less_c11s_biology_free', 'c11s', 'sub_c11s_biology', 'notes', 'Class 11 Science Biology - Revision Handout (Free).pdf', 'https://www.w3.org/WAI/ER/tests/xhtml/testfiles/resources/pdf/dummy.pdf', 154000, false, 0),
  ('note_less_c11s_biology_premium_pdf', 'less_c11s_biology_premium', 'c11s', 'sub_c11s_biology', 'notes', 'Class 11 Science Biology - Premium Chapter Key (Locked).pdf', 'https://www.w3.org/WAI/ER/tests/xhtml/testfiles/resources/pdf/dummy.pdf', 280000, true, 30),
  ('note_less_c11s_mathematics_free_pdf', 'less_c11s_mathematics_free', 'c11s', 'sub_c11s_mathematics', 'notes', 'Class 11 Science Mathematics - Revision Handout (Free).pdf', 'https://www.w3.org/WAI/ER/tests/xhtml/testfiles/resources/pdf/dummy.pdf', 154000, false, 0),
  ('note_less_c11s_mathematics_premium_pdf', 'less_c11s_mathematics_premium', 'c11s', 'sub_c11s_mathematics', 'notes', 'Class 11 Science Mathematics - Premium Chapter Key (Locked).pdf', 'https://www.w3.org/WAI/ER/tests/xhtml/testfiles/resources/pdf/dummy.pdf', 280000, true, 30),
  ('note_less_c11s_english_free_pdf', 'less_c11s_english_free', 'c11s', 'sub_c11s_english', 'notes', 'Class 11 Science English - Revision Handout (Free).pdf', 'https://www.w3.org/WAI/ER/tests/xhtml/testfiles/resources/pdf/dummy.pdf', 154000, false, 0),
  ('note_less_c11s_english_premium_pdf', 'less_c11s_english_premium', 'c11s', 'sub_c11s_english', 'notes', 'Class 11 Science English - Premium Chapter Key (Locked).pdf', 'https://www.w3.org/WAI/ER/tests/xhtml/testfiles/resources/pdf/dummy.pdf', 280000, true, 30),
  ('note_less_c12s_physics_free_pdf', 'less_c12s_physics_free', 'c12s', 'sub_c12s_physics', 'notes', 'Class 12 Science Physics - Revision Handout (Free).pdf', 'https://www.w3.org/WAI/ER/tests/xhtml/testfiles/resources/pdf/dummy.pdf', 154000, false, 0),
  ('note_less_c12s_physics_premium_pdf', 'less_c12s_physics_premium', 'c12s', 'sub_c12s_physics', 'notes', 'Class 12 Science Physics - Premium Chapter Key (Locked).pdf', 'https://www.w3.org/WAI/ER/tests/xhtml/testfiles/resources/pdf/dummy.pdf', 280000, true, 30),
  ('note_less_c12s_chemistry_free_pdf', 'less_c12s_chemistry_free', 'c12s', 'sub_c12s_chemistry', 'notes', 'Class 12 Science Chemistry - Revision Handout (Free).pdf', 'https://www.w3.org/WAI/ER/tests/xhtml/testfiles/resources/pdf/dummy.pdf', 154000, false, 0),
  ('note_less_c12s_chemistry_premium_pdf', 'less_c12s_chemistry_premium', 'c12s', 'sub_c12s_chemistry', 'notes', 'Class 12 Science Chemistry - Premium Chapter Key (Locked).pdf', 'https://www.w3.org/WAI/ER/tests/xhtml/testfiles/resources/pdf/dummy.pdf', 280000, true, 30),
  ('note_less_c12s_biology_free_pdf', 'less_c12s_biology_free', 'c12s', 'sub_c12s_biology', 'notes', 'Class 12 Science Biology - Revision Handout (Free).pdf', 'https://www.w3.org/WAI/ER/tests/xhtml/testfiles/resources/pdf/dummy.pdf', 154000, false, 0),
  ('note_less_c12s_biology_premium_pdf', 'less_c12s_biology_premium', 'c12s', 'sub_c12s_biology', 'notes', 'Class 12 Science Biology - Premium Chapter Key (Locked).pdf', 'https://www.w3.org/WAI/ER/tests/xhtml/testfiles/resources/pdf/dummy.pdf', 280000, true, 30),
  ('note_less_c12s_mathematics_free_pdf', 'less_c12s_mathematics_free', 'c12s', 'sub_c12s_mathematics', 'notes', 'Class 12 Science Mathematics - Revision Handout (Free).pdf', 'https://www.w3.org/WAI/ER/tests/xhtml/testfiles/resources/pdf/dummy.pdf', 154000, false, 0),
  ('note_less_c12s_mathematics_premium_pdf', 'less_c12s_mathematics_premium', 'c12s', 'sub_c12s_mathematics', 'notes', 'Class 12 Science Mathematics - Premium Chapter Key (Locked).pdf', 'https://www.w3.org/WAI/ER/tests/xhtml/testfiles/resources/pdf/dummy.pdf', 280000, true, 30),
  ('note_less_c12s_english_free_pdf', 'less_c12s_english_free', 'c12s', 'sub_c12s_english', 'notes', 'Class 12 Science English - Revision Handout (Free).pdf', 'https://www.w3.org/WAI/ER/tests/xhtml/testfiles/resources/pdf/dummy.pdf', 154000, false, 0),
  ('note_less_c12s_english_premium_pdf', 'less_c12s_english_premium', 'c12s', 'sub_c12s_english', 'notes', 'Class 12 Science English - Premium Chapter Key (Locked).pdf', 'https://www.w3.org/WAI/ER/tests/xhtml/testfiles/resources/pdf/dummy.pdf', 280000, true, 30),
  ('note_less_neet_biology_free_pdf', 'less_neet_biology_free', 'neet', 'sub_neet_biology', 'notes', 'NEET (Biology & Chemistry) Biology - Revision Handout (Free).pdf', 'https://www.w3.org/WAI/ER/tests/xhtml/testfiles/resources/pdf/dummy.pdf', 154000, false, 0),
  ('note_less_neet_biology_premium_pdf', 'less_neet_biology_premium', 'neet', 'sub_neet_biology', 'notes', 'NEET (Biology & Chemistry) Biology - Premium Chapter Key (Locked).pdf', 'https://www.w3.org/WAI/ER/tests/xhtml/testfiles/resources/pdf/dummy.pdf', 280000, true, 30),
  ('note_less_neet_chemistry_free_pdf', 'less_neet_chemistry_free', 'neet', 'sub_neet_chemistry', 'notes', 'NEET (Biology & Chemistry) Chemistry - Revision Handout (Free).pdf', 'https://www.w3.org/WAI/ER/tests/xhtml/testfiles/resources/pdf/dummy.pdf', 154000, false, 0),
  ('note_less_neet_chemistry_premium_pdf', 'less_neet_chemistry_premium', 'neet', 'sub_neet_chemistry', 'notes', 'NEET (Biology & Chemistry) Chemistry - Premium Chapter Key (Locked).pdf', 'https://www.w3.org/WAI/ER/tests/xhtml/testfiles/resources/pdf/dummy.pdf', 280000, true, 30),
  ('note_less_neet_physics_free_pdf', 'less_neet_physics_free', 'neet', 'sub_neet_physics', 'notes', 'NEET (Biology & Chemistry) Physics - Revision Handout (Free).pdf', 'https://www.w3.org/WAI/ER/tests/xhtml/testfiles/resources/pdf/dummy.pdf', 154000, false, 0),
  ('note_less_neet_physics_premium_pdf', 'less_neet_physics_premium', 'neet', 'sub_neet_physics', 'notes', 'NEET (Biology & Chemistry) Physics - Premium Chapter Key (Locked).pdf', 'https://www.w3.org/WAI/ER/tests/xhtml/testfiles/resources/pdf/dummy.pdf', 280000, true, 30),
  ('note_less_bpharma_physics_free_pdf', 'less_bpharma_physics_free', 'bpharma', 'sub_bpharma_physics', 'notes', 'B.Pharm Entrance Preparation Physics - Revision Handout (Free).pdf', 'https://www.w3.org/WAI/ER/tests/xhtml/testfiles/resources/pdf/dummy.pdf', 154000, false, 0),
  ('note_less_bpharma_physics_premium_pdf', 'less_bpharma_physics_premium', 'bpharma', 'sub_bpharma_physics', 'notes', 'B.Pharm Entrance Preparation Physics - Premium Chapter Key (Locked).pdf', 'https://www.w3.org/WAI/ER/tests/xhtml/testfiles/resources/pdf/dummy.pdf', 280000, true, 30),
  ('note_less_bpharma_chemistry_free_pdf', 'less_bpharma_chemistry_free', 'bpharma', 'sub_bpharma_chemistry', 'notes', 'B.Pharm Entrance Preparation Chemistry - Revision Handout (Free).pdf', 'https://www.w3.org/WAI/ER/tests/xhtml/testfiles/resources/pdf/dummy.pdf', 154000, false, 0),
  ('note_less_bpharma_chemistry_premium_pdf', 'less_bpharma_chemistry_premium', 'bpharma', 'sub_bpharma_chemistry', 'notes', 'B.Pharm Entrance Preparation Chemistry - Premium Chapter Key (Locked).pdf', 'https://www.w3.org/WAI/ER/tests/xhtml/testfiles/resources/pdf/dummy.pdf', 280000, true, 30),
  ('note_less_bpharma_biology_free_pdf', 'less_bpharma_biology_free', 'bpharma', 'sub_bpharma_biology', 'notes', 'B.Pharm Entrance Preparation Biology - Revision Handout (Free).pdf', 'https://www.w3.org/WAI/ER/tests/xhtml/testfiles/resources/pdf/dummy.pdf', 154000, false, 0),
  ('note_less_bpharma_biology_premium_pdf', 'less_bpharma_biology_premium', 'bpharma', 'sub_bpharma_biology', 'notes', 'B.Pharm Entrance Preparation Biology - Premium Chapter Key (Locked).pdf', 'https://www.w3.org/WAI/ER/tests/xhtml/testfiles/resources/pdf/dummy.pdf', 280000, true, 30),
  ('note_less_bpharma_mathematics_free_pdf', 'less_bpharma_mathematics_free', 'bpharma', 'sub_bpharma_mathematics', 'notes', 'B.Pharm Entrance Preparation Mathematics - Revision Handout (Free).pdf', 'https://www.w3.org/WAI/ER/tests/xhtml/testfiles/resources/pdf/dummy.pdf', 154000, false, 0),
  ('note_less_bpharma_mathematics_premium_pdf', 'less_bpharma_mathematics_premium', 'bpharma', 'sub_bpharma_mathematics', 'notes', 'B.Pharm Entrance Preparation Mathematics - Premium Chapter Key (Locked).pdf', 'https://www.w3.org/WAI/ER/tests/xhtml/testfiles/resources/pdf/dummy.pdf', 280000, true, 30),
  ('note_less_nursing_biology_free_pdf', 'less_nursing_biology_free', 'nursing', 'sub_nursing_biology', 'notes', 'Nursing Entrance Preparation Biology - Revision Handout (Free).pdf', 'https://www.w3.org/WAI/ER/tests/xhtml/testfiles/resources/pdf/dummy.pdf', 154000, false, 0),
  ('note_less_nursing_biology_premium_pdf', 'less_nursing_biology_premium', 'nursing', 'sub_nursing_biology', 'notes', 'Nursing Entrance Preparation Biology - Premium Chapter Key (Locked).pdf', 'https://www.w3.org/WAI/ER/tests/xhtml/testfiles/resources/pdf/dummy.pdf', 280000, true, 30),
  ('note_less_nursing_chemistry_free_pdf', 'less_nursing_chemistry_free', 'nursing', 'sub_nursing_chemistry', 'notes', 'Nursing Entrance Preparation Chemistry - Revision Handout (Free).pdf', 'https://www.w3.org/WAI/ER/tests/xhtml/testfiles/resources/pdf/dummy.pdf', 154000, false, 0),
  ('note_less_nursing_chemistry_premium_pdf', 'less_nursing_chemistry_premium', 'nursing', 'sub_nursing_chemistry', 'notes', 'Nursing Entrance Preparation Chemistry - Premium Chapter Key (Locked).pdf', 'https://www.w3.org/WAI/ER/tests/xhtml/testfiles/resources/pdf/dummy.pdf', 280000, true, 30),
  ('note_less_nursing_physics_free_pdf', 'less_nursing_physics_free', 'nursing', 'sub_nursing_physics', 'notes', 'Nursing Entrance Preparation Physics - Revision Handout (Free).pdf', 'https://www.w3.org/WAI/ER/tests/xhtml/testfiles/resources/pdf/dummy.pdf', 154000, false, 0),
  ('note_less_nursing_physics_premium_pdf', 'less_nursing_physics_premium', 'nursing', 'sub_nursing_physics', 'notes', 'Nursing Entrance Preparation Physics - Premium Chapter Key (Locked).pdf', 'https://www.w3.org/WAI/ER/tests/xhtml/testfiles/resources/pdf/dummy.pdf', 280000, true, 30),
  ('note_less_nursing_english_free_pdf', 'less_nursing_english_free', 'nursing', 'sub_nursing_english', 'notes', 'Nursing Entrance Preparation English - Revision Handout (Free).pdf', 'https://www.w3.org/WAI/ER/tests/xhtml/testfiles/resources/pdf/dummy.pdf', 154000, false, 0),
  ('note_less_nursing_english_premium_pdf', 'less_nursing_english_premium', 'nursing', 'sub_nursing_english', 'notes', 'Nursing Entrance Preparation English - Premium Chapter Key (Locked).pdf', 'https://www.w3.org/WAI/ER/tests/xhtml/testfiles/resources/pdf/dummy.pdf', 280000, true, 30)
ON CONFLICT (id) DO UPDATE SET "lessonId" = EXCLUDED."lessonId", "classId" = EXCLUDED."classId", "subjectId" = EXCLUDED."subjectId", type = EXCLUDED.type, title = EXCLUDED.title, "pdfUrl" = EXCLUDED."pdfUrl", "sizeBytes" = EXCLUDED."sizeBytes", "isPremium" = EXCLUDED."isPremium", price = EXCLUDED.price;
