-- ==========================================
-- 003_seed_data.sql
-- Idempotent Production Seed Migration for RK Coaching LMS
-- ==========================================

-- 1. Migrate user profile class references from legacy standards to consolidated neet
UPDATE public.profiles
SET "classId" = 'neet'
WHERE "classId" IN ('neet-biology', 'neet-chemistry');

UPDATE public.subjects
SET "classId" = 'neet'
WHERE "classId" IN ('neet-biology', 'neet-chemistry');

UPDATE public.courses
SET "classId" = 'neet'
WHERE "classId" IN ('neet-biology', 'neet-chemistry');

UPDATE public.notes
SET "classId" = 'neet'
WHERE "classId" IN ('neet-biology', 'neet-chemistry');

DELETE FROM public.classes
WHERE id IN ('neet-biology', 'neet-chemistry');

-- 2. Seed Academic Standards (Classes)
INSERT INTO public.classes (id, name, slug, priority)
VALUES
  ('c6', 'Class 6', 'class-6', 1),
  ('c7', 'Class 7', 'class-7', 2),
  ('c8', 'Class 8', 'class-8', 3),
  ('c9', 'Class 9', 'class-9', 4),
  ('c10', 'Class 10', 'class-10', 5),
  ('c11_sci', 'Class 11 Science', 'class-11-science', 6),
  ('c12_sci', 'Class 12 Science', 'class-12-science', 7),
  ('neet', 'NEET (Biology & Chemistry)', 'neet', 8),
  ('bpharm', 'B.Pharm Preparation', 'b-pharm-preparation', 9),
  ('nursing', 'Nursing Preparation', 'nursing-preparation', 10)
ON CONFLICT (id) DO UPDATE SET name = EXCLUDED.name, slug = EXCLUDED.slug, priority = EXCLUDED.priority;

-- 3. Seed Subjects
INSERT INTO public.subjects (id, "classId", name, icon, description)
VALUES
('sub_c6_generalscience', 'c6', 'General Science', 'Beaker', 'Class 6 General Science: Basic science, experiments, and natural phenomena.'),
('sub_c6_generalmathematics', 'c6', 'General Mathematics', 'Calculator', 'Class 6 General Mathematics: Mathematics foundations, numbers, geometry, and equations.'),
('sub_c6_english', 'c6', 'English', 'BookOpen', 'Class 6 English: English grammar, reading comprehension, and prose.'),
('sub_c7_generalscience', 'c7', 'General Science', 'Beaker', 'Class 7 General Science: Basic science, experiments, and natural phenomena.'),
('sub_c7_generalmathematics', 'c7', 'General Mathematics', 'Calculator', 'Class 7 General Mathematics: Mathematics foundations, numbers, geometry, and equations.'),
('sub_c7_english', 'c7', 'English', 'BookOpen', 'Class 7 English: English grammar, reading comprehension, and prose.'),
('sub_c8_generalscience', 'c8', 'General Science', 'Beaker', 'Class 8 General Science: Basic science, experiments, and natural phenomena.'),
('sub_c8_generalmathematics', 'c8', 'General Mathematics', 'Calculator', 'Class 8 General Mathematics: Mathematics foundations, numbers, geometry, and equations.'),
('sub_c8_english', 'c8', 'English', 'BookOpen', 'Class 8 English: English grammar, reading comprehension, and prose.'),
('sub_c9_generalscience', 'c9', 'General Science', 'Beaker', 'Class 9 General Science: Basic science, experiments, and natural phenomena.'),
('sub_c9_generalmathematics', 'c9', 'General Mathematics', 'Calculator', 'Class 9 General Mathematics: Mathematics foundations, numbers, geometry, and equations.'),
('sub_c9_english', 'c9', 'English', 'BookOpen', 'Class 9 English: English grammar, reading comprehension, and prose.'),
('sub_c10_generalscience', 'c10', 'General Science', 'Beaker', 'Class 10 General Science: Basic science, experiments, and natural phenomena.'),
('sub_c10_generalmathematics', 'c10', 'General Mathematics', 'Calculator', 'Class 10 General Mathematics: Mathematics foundations, numbers, geometry, and equations.'),
('sub_c10_english', 'c10', 'English', 'BookOpen', 'Class 10 English: English grammar, reading comprehension, and prose.'),
('sub_c11_sci_physics', 'c11_sci', 'Physics', 'Atom', 'Class 11 Science Physics: Advanced physical mechanics, laws, thermodynamics and optics.'),
('sub_c11_sci_chemistry', 'c11_sci', 'Chemistry', 'FlaskConical', 'Class 11 Science Chemistry: Physical, organic, and inorganic chemistry principles.'),
('sub_c11_sci_biology', 'c11_sci', 'Biology', 'Dna', 'Class 11 Science Biology: Detailed botany, zoology, human physiology and genetics.'),
('sub_c12_sci_physics', 'c12_sci', 'Physics', 'Atom', 'Class 12 Science Physics: Advanced physical mechanics, laws, thermodynamics and optics.'),
('sub_c12_sci_chemistry', 'c12_sci', 'Chemistry', 'FlaskConical', 'Class 12 Science Chemistry: Physical, organic, and inorganic chemistry principles.'),
('sub_c12_sci_biology', 'c12_sci', 'Biology', 'Dna', 'Class 12 Science Biology: Detailed botany, zoology, human physiology and genetics.'),
('sub_neet_biology', 'neet', 'Biology', 'Dna', 'NEET (Biology & Chemistry) Biology: High-yield Zoology and Botany concepts, cell cycles, and anatomy.'),
('sub_neet_chemistry', 'neet', 'Chemistry', 'FlaskConical', 'NEET (Biology & Chemistry) Chemistry: Inorganic, Organic, and Physical Chemistry modules optimized for NEET.'),
('sub_bpharm_pharmaceutics', 'bpharm', 'Pharmaceutics', 'FlaskConical', 'B.Pharm Preparation Pharmaceutics: Introduction to dosage forms, formulation designs, and pharmacy practice.'),
('sub_bpharm_pharmaceuticalchemistry', 'bpharm', 'Pharmaceutical Chemistry', 'Atom', 'B.Pharm Preparation Pharmaceutical Chemistry: Inorganic chemistry, organic synthesis, and biochemistry analysis.'),
('sub_bpharm_pharmacognosy', 'bpharm', 'Pharmacognosy', 'Leaf', 'B.Pharm Preparation Pharmacognosy: Study of medicines derived from natural sources, herbs, and plants.'),
('sub_nursing_anatomyphysiology', 'nursing', 'Anatomy & Physiology', 'Dna', 'Nursing Preparation Anatomy & Physiology: Structure and functions of the human body, organ systems, and functions.'),
('sub_nursing_nursingfoundations', 'nursing', 'Nursing Foundations', 'HeartPulse', 'Nursing Preparation Nursing Foundations: Core principles of nursing care, first-aid, patient health, and hygiene.'),
('sub_nursing_microbiology', 'nursing', 'Microbiology', 'Microscope', 'Nursing Preparation Microbiology: Study of micro-organisms, infection control, and pathogenic bacteria.')
ON CONFLICT (id) DO UPDATE SET "classId" = EXCLUDED."classId", name = EXCLUDED.name, icon = EXCLUDED.icon, description = EXCLUDED.description;

-- 4. Seed Courses
INSERT INTO public.courses (id, "classId", "subjectId", title, subtitle, description, "thumbnailUrl", "isPremium", price, "discountPrice")
VALUES
('course_c6_generalscience', 'c6', 'sub_c6_generalscience', 'Class 6 General Science Board Masterclass', 'Unlock high-yield handwritten notes, video lectures, and revision test papers.', 'Comprehensive prep course covering the full syllabus of Class 6 General Science.', 'https://images.unsplash.com/photo-1453733190148-c44698c26588?auto=format&fit=crop&w=500&q=80', false, 0, 0),
('course_c6_generalmathematics', 'c6', 'sub_c6_generalmathematics', 'Class 6 General Mathematics Board Masterclass', 'Unlock high-yield handwritten notes, video lectures, and revision test papers.', 'Comprehensive prep course covering the full syllabus of Class 6 General Mathematics.', 'https://images.unsplash.com/photo-1453733190148-c44698c26588?auto=format&fit=crop&w=500&q=80', true, 499, 199),
('course_c6_english', 'c6', 'sub_c6_english', 'Class 6 English Board Masterclass', 'Unlock high-yield handwritten notes, video lectures, and revision test papers.', 'Comprehensive prep course covering the full syllabus of Class 6 English.', 'https://images.unsplash.com/photo-1453733190148-c44698c26588?auto=format&fit=crop&w=500&q=80', false, 0, 0),
('course_c7_generalscience', 'c7', 'sub_c7_generalscience', 'Class 7 General Science Board Masterclass', 'Unlock high-yield handwritten notes, video lectures, and revision test papers.', 'Comprehensive prep course covering the full syllabus of Class 7 General Science.', 'https://images.unsplash.com/photo-1453733190148-c44698c26588?auto=format&fit=crop&w=500&q=80', false, 0, 0),
('course_c7_generalmathematics', 'c7', 'sub_c7_generalmathematics', 'Class 7 General Mathematics Board Masterclass', 'Unlock high-yield handwritten notes, video lectures, and revision test papers.', 'Comprehensive prep course covering the full syllabus of Class 7 General Mathematics.', 'https://images.unsplash.com/photo-1453733190148-c44698c26588?auto=format&fit=crop&w=500&q=80', true, 499, 199),
('course_c7_english', 'c7', 'sub_c7_english', 'Class 7 English Board Masterclass', 'Unlock high-yield handwritten notes, video lectures, and revision test papers.', 'Comprehensive prep course covering the full syllabus of Class 7 English.', 'https://images.unsplash.com/photo-1453733190148-c44698c26588?auto=format&fit=crop&w=500&q=80', false, 0, 0),
('course_c8_generalscience', 'c8', 'sub_c8_generalscience', 'Class 8 General Science Board Masterclass', 'Unlock high-yield handwritten notes, video lectures, and revision test papers.', 'Comprehensive prep course covering the full syllabus of Class 8 General Science.', 'https://images.unsplash.com/photo-1453733190148-c44698c26588?auto=format&fit=crop&w=500&q=80', false, 0, 0),
('course_c8_generalmathematics', 'c8', 'sub_c8_generalmathematics', 'Class 8 General Mathematics Board Masterclass', 'Unlock high-yield handwritten notes, video lectures, and revision test papers.', 'Comprehensive prep course covering the full syllabus of Class 8 General Mathematics.', 'https://images.unsplash.com/photo-1453733190148-c44698c26588?auto=format&fit=crop&w=500&q=80', true, 499, 199),
('course_c8_english', 'c8', 'sub_c8_english', 'Class 8 English Board Masterclass', 'Unlock high-yield handwritten notes, video lectures, and revision test papers.', 'Comprehensive prep course covering the full syllabus of Class 8 English.', 'https://images.unsplash.com/photo-1453733190148-c44698c26588?auto=format&fit=crop&w=500&q=80', false, 0, 0),
('course_c9_generalscience', 'c9', 'sub_c9_generalscience', 'Class 9 General Science Board Masterclass', 'Unlock high-yield handwritten notes, video lectures, and revision test papers.', 'Comprehensive prep course covering the full syllabus of Class 9 General Science.', 'https://images.unsplash.com/photo-1453733190148-c44698c26588?auto=format&fit=crop&w=500&q=80', false, 0, 0),
('course_c9_generalmathematics', 'c9', 'sub_c9_generalmathematics', 'Class 9 General Mathematics Board Masterclass', 'Unlock high-yield handwritten notes, video lectures, and revision test papers.', 'Comprehensive prep course covering the full syllabus of Class 9 General Mathematics.', 'https://images.unsplash.com/photo-1453733190148-c44698c26588?auto=format&fit=crop&w=500&q=80', true, 499, 199),
('course_c9_english', 'c9', 'sub_c9_english', 'Class 9 English Board Masterclass', 'Unlock high-yield handwritten notes, video lectures, and revision test papers.', 'Comprehensive prep course covering the full syllabus of Class 9 English.', 'https://images.unsplash.com/photo-1453733190148-c44698c26588?auto=format&fit=crop&w=500&q=80', false, 0, 0),
('course_c10_generalscience', 'c10', 'sub_c10_generalscience', 'Class 10 General Science Board Masterclass', 'Unlock high-yield handwritten notes, video lectures, and revision test papers.', 'Comprehensive prep course covering the full syllabus of Class 10 General Science.', 'https://images.unsplash.com/photo-1453733190148-c44698c26588?auto=format&fit=crop&w=500&q=80', false, 0, 0),
('course_c10_generalmathematics', 'c10', 'sub_c10_generalmathematics', 'Class 10 General Mathematics Board Masterclass', 'Unlock high-yield handwritten notes, video lectures, and revision test papers.', 'Comprehensive prep course covering the full syllabus of Class 10 General Mathematics.', 'https://images.unsplash.com/photo-1453733190148-c44698c26588?auto=format&fit=crop&w=500&q=80', true, 499, 199),
('course_c10_english', 'c10', 'sub_c10_english', 'Class 10 English Board Masterclass', 'Unlock high-yield handwritten notes, video lectures, and revision test papers.', 'Comprehensive prep course covering the full syllabus of Class 10 English.', 'https://images.unsplash.com/photo-1453733190148-c44698c26588?auto=format&fit=crop&w=500&q=80', false, 0, 0),
('course_c11_sci_physics', 'c11_sci', 'sub_c11_sci_physics', 'Class 11 Science Physics Board Masterclass', 'Unlock high-yield handwritten notes, video lectures, and revision test papers.', 'Comprehensive prep course covering the full syllabus of Class 11 Science Physics.', 'https://images.unsplash.com/photo-1453733190148-c44698c26588?auto=format&fit=crop&w=500&q=80', false, 0, 0),
('course_c11_sci_chemistry', 'c11_sci', 'sub_c11_sci_chemistry', 'Class 11 Science Chemistry Board Masterclass', 'Unlock high-yield handwritten notes, video lectures, and revision test papers.', 'Comprehensive prep course covering the full syllabus of Class 11 Science Chemistry.', 'https://images.unsplash.com/photo-1453733190148-c44698c26588?auto=format&fit=crop&w=500&q=80', true, 499, 199),
('course_c11_sci_biology', 'c11_sci', 'sub_c11_sci_biology', 'Class 11 Science Biology Board Masterclass', 'Unlock high-yield handwritten notes, video lectures, and revision test papers.', 'Comprehensive prep course covering the full syllabus of Class 11 Science Biology.', 'https://images.unsplash.com/photo-1453733190148-c44698c26588?auto=format&fit=crop&w=500&q=80', false, 0, 0),
('course_c12_sci_physics', 'c12_sci', 'sub_c12_sci_physics', 'Class 12 Science Physics Board Masterclass', 'Unlock high-yield handwritten notes, video lectures, and revision test papers.', 'Comprehensive prep course covering the full syllabus of Class 12 Science Physics.', 'https://images.unsplash.com/photo-1453733190148-c44698c26588?auto=format&fit=crop&w=500&q=80', false, 0, 0),
('course_c12_sci_chemistry', 'c12_sci', 'sub_c12_sci_chemistry', 'Class 12 Science Chemistry Board Masterclass', 'Unlock high-yield handwritten notes, video lectures, and revision test papers.', 'Comprehensive prep course covering the full syllabus of Class 12 Science Chemistry.', 'https://images.unsplash.com/photo-1453733190148-c44698c26588?auto=format&fit=crop&w=500&q=80', true, 499, 199),
('course_c12_sci_biology', 'c12_sci', 'sub_c12_sci_biology', 'Class 12 Science Biology Board Masterclass', 'Unlock high-yield handwritten notes, video lectures, and revision test papers.', 'Comprehensive prep course covering the full syllabus of Class 12 Science Biology.', 'https://images.unsplash.com/photo-1453733190148-c44698c26588?auto=format&fit=crop&w=500&q=80', false, 0, 0),
('course_neet_biology', 'neet', 'sub_neet_biology', 'NEET (Biology & Chemistry) Biology Board Masterclass', 'Unlock high-yield handwritten notes, video lectures, and revision test papers.', 'Comprehensive prep course covering the full syllabus of NEET (Biology & Chemistry) Biology.', 'https://images.unsplash.com/photo-1530026405186-ed1ea0ac7a63?auto=format&fit=crop&w=500&q=80', true, 499, 199),
('course_neet_chemistry', 'neet', 'sub_neet_chemistry', 'NEET (Biology & Chemistry) Chemistry Board Masterclass', 'Unlock high-yield handwritten notes, video lectures, and revision test papers.', 'Comprehensive prep course covering the full syllabus of NEET (Biology & Chemistry) Chemistry.', 'https://images.unsplash.com/photo-1530026405186-ed1ea0ac7a63?auto=format&fit=crop&w=500&q=80', true, 499, 199),
('course_bpharm_pharmaceutics', 'bpharm', 'sub_bpharm_pharmaceutics', 'B.Pharm Preparation Pharmaceutics Board Masterclass', 'Unlock high-yield handwritten notes, video lectures, and revision test papers.', 'Comprehensive prep course covering the full syllabus of B.Pharm Preparation Pharmaceutics.', 'https://images.unsplash.com/photo-1453733190148-c44698c26588?auto=format&fit=crop&w=500&q=80', true, 499, 199),
('course_bpharm_pharmaceuticalchemistry', 'bpharm', 'sub_bpharm_pharmaceuticalchemistry', 'B.Pharm Preparation Pharmaceutical Chemistry Board Masterclass', 'Unlock high-yield handwritten notes, video lectures, and revision test papers.', 'Comprehensive prep course covering the full syllabus of B.Pharm Preparation Pharmaceutical Chemistry.', 'https://images.unsplash.com/photo-1453733190148-c44698c26588?auto=format&fit=crop&w=500&q=80', true, 499, 199),
('course_bpharm_pharmacognosy', 'bpharm', 'sub_bpharm_pharmacognosy', 'B.Pharm Preparation Pharmacognosy Board Masterclass', 'Unlock high-yield handwritten notes, video lectures, and revision test papers.', 'Comprehensive prep course covering the full syllabus of B.Pharm Preparation Pharmacognosy.', 'https://images.unsplash.com/photo-1453733190148-c44698c26588?auto=format&fit=crop&w=500&q=80', true, 499, 199),
('course_nursing_anatomyphysiology', 'nursing', 'sub_nursing_anatomyphysiology', 'Nursing Preparation Anatomy & Physiology Board Masterclass', 'Unlock high-yield handwritten notes, video lectures, and revision test papers.', 'Comprehensive prep course covering the full syllabus of Nursing Preparation Anatomy & Physiology.', 'https://images.unsplash.com/photo-1453733190148-c44698c26588?auto=format&fit=crop&w=500&q=80', true, 499, 199),
('course_nursing_nursingfoundations', 'nursing', 'sub_nursing_nursingfoundations', 'Nursing Preparation Nursing Foundations Board Masterclass', 'Unlock high-yield handwritten notes, video lectures, and revision test papers.', 'Comprehensive prep course covering the full syllabus of Nursing Preparation Nursing Foundations.', 'https://images.unsplash.com/photo-1453733190148-c44698c26588?auto=format&fit=crop&w=500&q=80', true, 499, 199),
('course_nursing_microbiology', 'nursing', 'sub_nursing_microbiology', 'Nursing Preparation Microbiology Board Masterclass', 'Unlock high-yield handwritten notes, video lectures, and revision test papers.', 'Comprehensive prep course covering the full syllabus of Nursing Preparation Microbiology.', 'https://images.unsplash.com/photo-1453733190148-c44698c26588?auto=format&fit=crop&w=500&q=80', true, 499, 199)
ON CONFLICT (id) DO UPDATE SET "classId" = EXCLUDED."classId", "subjectId" = EXCLUDED."subjectId", title = EXCLUDED.title, subtitle = EXCLUDED.subtitle, description = EXCLUDED.description, "thumbnailUrl" = EXCLUDED."thumbnailUrl", "isPremium" = EXCLUDED."isPremium", price = EXCLUDED.price, "discountPrice" = EXCLUDED."discountPrice";

-- 5. Seed Chapters
INSERT INTO public.chapters (id, "subjectId", name, description, "orderIndex")
VALUES
('chap_c6_generalscience_1', 'sub_c6_generalscience', 'Ch 1: Chemical Reactions and Equations', 'NCERT syllabus aligned textbook references.', 1),
('chap_c6_generalscience_2', 'sub_c6_generalscience', 'Ch 2: Acids, Bases and Salts', 'NCERT syllabus aligned textbook references.', 2),
('chap_c6_generalscience_3', 'sub_c6_generalscience', 'Ch 3: Life Processes', 'NCERT syllabus aligned textbook references.', 3),
('chap_c6_generalmathematics_1', 'sub_c6_generalmathematics', 'Ch 1: Real Numbers', 'NCERT syllabus aligned textbook references.', 1),
('chap_c6_generalmathematics_2', 'sub_c6_generalmathematics', 'Ch 2: Polynomials', 'NCERT syllabus aligned textbook references.', 2),
('chap_c6_generalmathematics_3', 'sub_c6_generalmathematics', 'Ch 3: Quadratic Equations', 'NCERT syllabus aligned textbook references.', 3),
('chap_c6_english_1', 'sub_c6_english', 'Ch 1: Who Did Patrick's Homework?', 'NCERT syllabus aligned textbook references.', 1),
('chap_c6_english_2', 'sub_c6_english', 'Ch 2: How the Dog Found Himself a New Master!', 'NCERT syllabus aligned textbook references.', 2),
('chap_c6_english_3', 'sub_c6_english', 'Ch 3: Taro's Reward', 'NCERT syllabus aligned textbook references.', 3),
('chap_c7_generalscience_1', 'sub_c7_generalscience', 'Ch 1: Chemical Reactions and Equations', 'NCERT syllabus aligned textbook references.', 1),
('chap_c7_generalscience_2', 'sub_c7_generalscience', 'Ch 2: Acids, Bases and Salts', 'NCERT syllabus aligned textbook references.', 2),
('chap_c7_generalscience_3', 'sub_c7_generalscience', 'Ch 3: Life Processes', 'NCERT syllabus aligned textbook references.', 3),
('chap_c7_generalmathematics_1', 'sub_c7_generalmathematics', 'Ch 1: Real Numbers', 'NCERT syllabus aligned textbook references.', 1),
('chap_c7_generalmathematics_2', 'sub_c7_generalmathematics', 'Ch 2: Polynomials', 'NCERT syllabus aligned textbook references.', 2),
('chap_c7_generalmathematics_3', 'sub_c7_generalmathematics', 'Ch 3: Quadratic Equations', 'NCERT syllabus aligned textbook references.', 3),
('chap_c7_english_1', 'sub_c7_english', 'Ch 1: Who Did Patrick's Homework?', 'NCERT syllabus aligned textbook references.', 1),
('chap_c7_english_2', 'sub_c7_english', 'Ch 2: How the Dog Found Himself a New Master!', 'NCERT syllabus aligned textbook references.', 2),
('chap_c7_english_3', 'sub_c7_english', 'Ch 3: Taro's Reward', 'NCERT syllabus aligned textbook references.', 3),
('chap_c8_generalscience_1', 'sub_c8_generalscience', 'Ch 1: Chemical Reactions and Equations', 'NCERT syllabus aligned textbook references.', 1),
('chap_c8_generalscience_2', 'sub_c8_generalscience', 'Ch 2: Acids, Bases and Salts', 'NCERT syllabus aligned textbook references.', 2),
('chap_c8_generalscience_3', 'sub_c8_generalscience', 'Ch 3: Life Processes', 'NCERT syllabus aligned textbook references.', 3),
('chap_c8_generalmathematics_1', 'sub_c8_generalmathematics', 'Ch 1: Real Numbers', 'NCERT syllabus aligned textbook references.', 1),
('chap_c8_generalmathematics_2', 'sub_c8_generalmathematics', 'Ch 2: Polynomials', 'NCERT syllabus aligned textbook references.', 2),
('chap_c8_generalmathematics_3', 'sub_c8_generalmathematics', 'Ch 3: Quadratic Equations', 'NCERT syllabus aligned textbook references.', 3),
('chap_c8_english_1', 'sub_c8_english', 'Ch 1: Who Did Patrick's Homework?', 'NCERT syllabus aligned textbook references.', 1),
('chap_c8_english_2', 'sub_c8_english', 'Ch 2: How the Dog Found Himself a New Master!', 'NCERT syllabus aligned textbook references.', 2),
('chap_c8_english_3', 'sub_c8_english', 'Ch 3: Taro's Reward', 'NCERT syllabus aligned textbook references.', 3),
('chap_c9_generalscience_1', 'sub_c9_generalscience', 'Ch 1: Chemical Reactions and Equations', 'NCERT syllabus aligned textbook references.', 1),
('chap_c9_generalscience_2', 'sub_c9_generalscience', 'Ch 2: Acids, Bases and Salts', 'NCERT syllabus aligned textbook references.', 2),
('chap_c9_generalscience_3', 'sub_c9_generalscience', 'Ch 3: Life Processes', 'NCERT syllabus aligned textbook references.', 3),
('chap_c9_generalmathematics_1', 'sub_c9_generalmathematics', 'Ch 1: Real Numbers', 'NCERT syllabus aligned textbook references.', 1),
('chap_c9_generalmathematics_2', 'sub_c9_generalmathematics', 'Ch 2: Polynomials', 'NCERT syllabus aligned textbook references.', 2),
('chap_c9_generalmathematics_3', 'sub_c9_generalmathematics', 'Ch 3: Quadratic Equations', 'NCERT syllabus aligned textbook references.', 3),
('chap_c9_english_1', 'sub_c9_english', 'Ch 1: Who Did Patrick's Homework?', 'NCERT syllabus aligned textbook references.', 1),
('chap_c9_english_2', 'sub_c9_english', 'Ch 2: How the Dog Found Himself a New Master!', 'NCERT syllabus aligned textbook references.', 2),
('chap_c9_english_3', 'sub_c9_english', 'Ch 3: Taro's Reward', 'NCERT syllabus aligned textbook references.', 3),
('chap_c10_generalscience_1', 'sub_c10_generalscience', 'Ch 1: Chemical Reactions and Equations', 'NCERT syllabus aligned textbook references.', 1),
('chap_c10_generalscience_2', 'sub_c10_generalscience', 'Ch 2: Acids, Bases and Salts', 'NCERT syllabus aligned textbook references.', 2),
('chap_c10_generalscience_3', 'sub_c10_generalscience', 'Ch 3: Life Processes', 'NCERT syllabus aligned textbook references.', 3),
('chap_c10_generalmathematics_1', 'sub_c10_generalmathematics', 'Ch 1: Real Numbers', 'NCERT syllabus aligned textbook references.', 1),
('chap_c10_generalmathematics_2', 'sub_c10_generalmathematics', 'Ch 2: Polynomials', 'NCERT syllabus aligned textbook references.', 2),
('chap_c10_generalmathematics_3', 'sub_c10_generalmathematics', 'Ch 3: Quadratic Equations', 'NCERT syllabus aligned textbook references.', 3),
('chap_c10_english_1', 'sub_c10_english', 'Ch 1: Who Did Patrick's Homework?', 'NCERT syllabus aligned textbook references.', 1),
('chap_c10_english_2', 'sub_c10_english', 'Ch 2: How the Dog Found Himself a New Master!', 'NCERT syllabus aligned textbook references.', 2),
('chap_c10_english_3', 'sub_c10_english', 'Ch 3: Taro's Reward', 'NCERT syllabus aligned textbook references.', 3),
('chap_c11_sci_physics_1', 'sub_c11_sci_physics', 'Ch 1: Electric Charges and Fields', 'NCERT syllabus aligned textbook references.', 1),
('chap_c11_sci_physics_2', 'sub_c11_sci_physics', 'Ch 2: Electrostatic Potential and Capacitance', 'NCERT syllabus aligned textbook references.', 2),
('chap_c11_sci_physics_3', 'sub_c11_sci_physics', 'Ch 3: Current Electricity', 'NCERT syllabus aligned textbook references.', 3),
('chap_c11_sci_chemistry_1', 'sub_c11_sci_chemistry', 'Ch 1: Solutions', 'NCERT syllabus aligned textbook references.', 1),
('chap_c11_sci_chemistry_2', 'sub_c11_sci_chemistry', 'Ch 2: Electrochemistry', 'NCERT syllabus aligned textbook references.', 2),
('chap_c11_sci_chemistry_3', 'sub_c11_sci_chemistry', 'Ch 3: Chemical Kinetics', 'NCERT syllabus aligned textbook references.', 3),
('chap_c11_sci_biology_1', 'sub_c11_sci_biology', 'Ch 1: Cell - The Unit of Life', 'NCERT syllabus aligned textbook references.', 1),
('chap_c11_sci_biology_2', 'sub_c11_sci_biology', 'Ch 2: Biological Classification', 'NCERT syllabus aligned textbook references.', 2),
('chap_c11_sci_biology_3', 'sub_c11_sci_biology', 'Ch 3: Plant Kingdom', 'NCERT syllabus aligned textbook references.', 3),
('chap_c12_sci_physics_1', 'sub_c12_sci_physics', 'Ch 1: Electric Charges and Fields', 'NCERT syllabus aligned textbook references.', 1),
('chap_c12_sci_physics_2', 'sub_c12_sci_physics', 'Ch 2: Electrostatic Potential and Capacitance', 'NCERT syllabus aligned textbook references.', 2),
('chap_c12_sci_physics_3', 'sub_c12_sci_physics', 'Ch 3: Current Electricity', 'NCERT syllabus aligned textbook references.', 3),
('chap_c12_sci_chemistry_1', 'sub_c12_sci_chemistry', 'Ch 1: Solutions', 'NCERT syllabus aligned textbook references.', 1),
('chap_c12_sci_chemistry_2', 'sub_c12_sci_chemistry', 'Ch 2: Electrochemistry', 'NCERT syllabus aligned textbook references.', 2),
('chap_c12_sci_chemistry_3', 'sub_c12_sci_chemistry', 'Ch 3: Chemical Kinetics', 'NCERT syllabus aligned textbook references.', 3),
('chap_c12_sci_biology_1', 'sub_c12_sci_biology', 'Ch 1: Cell - The Unit of Life', 'NCERT syllabus aligned textbook references.', 1),
('chap_c12_sci_biology_2', 'sub_c12_sci_biology', 'Ch 2: Biological Classification', 'NCERT syllabus aligned textbook references.', 2),
('chap_c12_sci_biology_3', 'sub_c12_sci_biology', 'Ch 3: Plant Kingdom', 'NCERT syllabus aligned textbook references.', 3),
('chap_neet_biology_1', 'sub_neet_biology', 'Ch 1: Cell - The Unit of Life', 'NCERT syllabus aligned textbook references.', 1),
('chap_neet_biology_2', 'sub_neet_biology', 'Ch 2: Biological Classification', 'NCERT syllabus aligned textbook references.', 2),
('chap_neet_biology_3', 'sub_neet_biology', 'Ch 3: Plant Kingdom', 'NCERT syllabus aligned textbook references.', 3),
('chap_neet_chemistry_1', 'sub_neet_chemistry', 'Ch 1: Solutions', 'NCERT syllabus aligned textbook references.', 1),
('chap_neet_chemistry_2', 'sub_neet_chemistry', 'Ch 2: Electrochemistry', 'NCERT syllabus aligned textbook references.', 2),
('chap_neet_chemistry_3', 'sub_neet_chemistry', 'Ch 3: Chemical Kinetics', 'NCERT syllabus aligned textbook references.', 3),
('chap_bpharm_pharmaceutics_1', 'sub_bpharm_pharmaceutics', 'Ch 1: Introduction to Dosage Forms', 'NCERT syllabus aligned textbook references.', 1),
('chap_bpharm_pharmaceutics_2', 'sub_bpharm_pharmaceutics', 'Ch 2: Metrology and Calculations', 'NCERT syllabus aligned textbook references.', 2),
('chap_bpharm_pharmaceutics_3', 'sub_bpharm_pharmaceutics', 'Ch 3: Liquid Dosage Forms', 'NCERT syllabus aligned textbook references.', 3),
('chap_bpharm_pharmaceuticalchemistry_1', 'sub_bpharm_pharmaceuticalchemistry', 'Ch 1: Inorganic Pharmaceuticals', 'NCERT syllabus aligned textbook references.', 1),
('chap_bpharm_pharmaceuticalchemistry_2', 'sub_bpharm_pharmaceuticalchemistry', 'Ch 2: Acid-Base Titrations', 'NCERT syllabus aligned textbook references.', 2),
('chap_bpharm_pharmaceuticalchemistry_3', 'sub_bpharm_pharmaceuticalchemistry', 'Ch 3: Impurities in Pharmaceuticals', 'NCERT syllabus aligned textbook references.', 3),
('chap_bpharm_pharmacognosy_1', 'sub_bpharm_pharmacognosy', 'Ch 1: Scope of Pharmacognosy', 'NCERT syllabus aligned textbook references.', 1),
('chap_bpharm_pharmacognosy_2', 'sub_bpharm_pharmacognosy', 'Ch 2: Classification of Crude Drugs', 'NCERT syllabus aligned textbook references.', 2),
('chap_bpharm_pharmacognosy_3', 'sub_bpharm_pharmacognosy', 'Ch 3: Adulteration and Evaluation', 'NCERT syllabus aligned textbook references.', 3),
('chap_nursing_anatomyphysiology_1', 'sub_nursing_anatomyphysiology', 'Ch 1: Introduction to Human Body', 'NCERT syllabus aligned textbook references.', 1),
('chap_nursing_anatomyphysiology_2', 'sub_nursing_anatomyphysiology', 'Ch 2: Skeletal and Muscular Systems', 'NCERT syllabus aligned textbook references.', 2),
('chap_nursing_anatomyphysiology_3', 'sub_nursing_anatomyphysiology', 'Ch 3: Cardiovascular System', 'NCERT syllabus aligned textbook references.', 3),
('chap_nursing_nursingfoundations_1', 'sub_nursing_nursingfoundations', 'Ch 1: History of Nursing and Ethics', 'NCERT syllabus aligned textbook references.', 1),
('chap_nursing_nursingfoundations_2', 'sub_nursing_nursingfoundations', 'Ch 2: Nursing Process and Care Plans', 'NCERT syllabus aligned textbook references.', 2),
('chap_nursing_nursingfoundations_3', 'sub_nursing_nursingfoundations', 'Ch 3: Vital Signs Assessment', 'NCERT syllabus aligned textbook references.', 3),
('chap_nursing_microbiology_1', 'sub_nursing_microbiology', 'Ch 1: Introduction to Microorganisms', 'NCERT syllabus aligned textbook references.', 1),
('chap_nursing_microbiology_2', 'sub_nursing_microbiology', 'Ch 2: Bacteria Morphology and Staining', 'NCERT syllabus aligned textbook references.', 2),
('chap_nursing_microbiology_3', 'sub_nursing_microbiology', 'Ch 3: Sterilization and Disinfection', 'NCERT syllabus aligned textbook references.', 3)
ON CONFLICT (id) DO UPDATE SET "subjectId" = EXCLUDED."subjectId", name = EXCLUDED.name, description = EXCLUDED.description, "orderIndex" = EXCLUDED."orderIndex";

-- 6. Seed Lessons
INSERT INTO public.lessons (id, "chapterId", "courseId", title, description, "orderIndex", "isPremium")
VALUES
('less_c6_generalscience_free', 'chap_c6_generalscience_1', 'course_c6_generalscience', 'Lesson 1.1: Introduction and Core Theories (Free Notes)', 'Foundational overview video and high-yield notes.', 1, false),
('less_c6_generalscience_premium', 'chap_c6_generalscience_1', 'course_c6_generalscience', 'Lesson 1.2: Premium Practice Problems & PYQ Sheets', 'Detailed chapter solving guide and notes.', 2, false),
('less_c6_generalmathematics_free', 'chap_c6_generalmathematics_1', 'course_c6_generalmathematics', 'Lesson 1.1: Introduction and Core Theories (Free Notes)', 'Foundational overview video and high-yield notes.', 1, false),
('less_c6_generalmathematics_premium', 'chap_c6_generalmathematics_1', 'course_c6_generalmathematics', 'Lesson 1.2: Premium Practice Problems & PYQ Sheets', 'Detailed chapter solving guide and notes.', 2, true),
('less_c6_english_free', 'chap_c6_english_1', 'course_c6_english', 'Lesson 1.1: Introduction and Core Theories (Free Notes)', 'Foundational overview video and high-yield notes.', 1, false),
('less_c6_english_premium', 'chap_c6_english_1', 'course_c6_english', 'Lesson 1.2: Premium Practice Problems & PYQ Sheets', 'Detailed chapter solving guide and notes.', 2, false),
('less_c7_generalscience_free', 'chap_c7_generalscience_1', 'course_c7_generalscience', 'Lesson 1.1: Introduction and Core Theories (Free Notes)', 'Foundational overview video and high-yield notes.', 1, false),
('less_c7_generalscience_premium', 'chap_c7_generalscience_1', 'course_c7_generalscience', 'Lesson 1.2: Premium Practice Problems & PYQ Sheets', 'Detailed chapter solving guide and notes.', 2, false),
('less_c7_generalmathematics_free', 'chap_c7_generalmathematics_1', 'course_c7_generalmathematics', 'Lesson 1.1: Introduction and Core Theories (Free Notes)', 'Foundational overview video and high-yield notes.', 1, false),
('less_c7_generalmathematics_premium', 'chap_c7_generalmathematics_1', 'course_c7_generalmathematics', 'Lesson 1.2: Premium Practice Problems & PYQ Sheets', 'Detailed chapter solving guide and notes.', 2, true),
('less_c7_english_free', 'chap_c7_english_1', 'course_c7_english', 'Lesson 1.1: Introduction and Core Theories (Free Notes)', 'Foundational overview video and high-yield notes.', 1, false),
('less_c7_english_premium', 'chap_c7_english_1', 'course_c7_english', 'Lesson 1.2: Premium Practice Problems & PYQ Sheets', 'Detailed chapter solving guide and notes.', 2, false),
('less_c8_generalscience_free', 'chap_c8_generalscience_1', 'course_c8_generalscience', 'Lesson 1.1: Introduction and Core Theories (Free Notes)', 'Foundational overview video and high-yield notes.', 1, false),
('less_c8_generalscience_premium', 'chap_c8_generalscience_1', 'course_c8_generalscience', 'Lesson 1.2: Premium Practice Problems & PYQ Sheets', 'Detailed chapter solving guide and notes.', 2, false),
('less_c8_generalmathematics_free', 'chap_c8_generalmathematics_1', 'course_c8_generalmathematics', 'Lesson 1.1: Introduction and Core Theories (Free Notes)', 'Foundational overview video and high-yield notes.', 1, false),
('less_c8_generalmathematics_premium', 'chap_c8_generalmathematics_1', 'course_c8_generalmathematics', 'Lesson 1.2: Premium Practice Problems & PYQ Sheets', 'Detailed chapter solving guide and notes.', 2, true),
('less_c8_english_free', 'chap_c8_english_1', 'course_c8_english', 'Lesson 1.1: Introduction and Core Theories (Free Notes)', 'Foundational overview video and high-yield notes.', 1, false),
('less_c8_english_premium', 'chap_c8_english_1', 'course_c8_english', 'Lesson 1.2: Premium Practice Problems & PYQ Sheets', 'Detailed chapter solving guide and notes.', 2, false),
('less_c9_generalscience_free', 'chap_c9_generalscience_1', 'course_c9_generalscience', 'Lesson 1.1: Introduction and Core Theories (Free Notes)', 'Foundational overview video and high-yield notes.', 1, false),
('less_c9_generalscience_premium', 'chap_c9_generalscience_1', 'course_c9_generalscience', 'Lesson 1.2: Premium Practice Problems & PYQ Sheets', 'Detailed chapter solving guide and notes.', 2, false),
('less_c9_generalmathematics_free', 'chap_c9_generalmathematics_1', 'course_c9_generalmathematics', 'Lesson 1.1: Introduction and Core Theories (Free Notes)', 'Foundational overview video and high-yield notes.', 1, false),
('less_c9_generalmathematics_premium', 'chap_c9_generalmathematics_1', 'course_c9_generalmathematics', 'Lesson 1.2: Premium Practice Problems & PYQ Sheets', 'Detailed chapter solving guide and notes.', 2, true),
('less_c9_english_free', 'chap_c9_english_1', 'course_c9_english', 'Lesson 1.1: Introduction and Core Theories (Free Notes)', 'Foundational overview video and high-yield notes.', 1, false),
('less_c9_english_premium', 'chap_c9_english_1', 'course_c9_english', 'Lesson 1.2: Premium Practice Problems & PYQ Sheets', 'Detailed chapter solving guide and notes.', 2, false),
('less_c10_generalscience_free', 'chap_c10_generalscience_1', 'course_c10_generalscience', 'Lesson 1.1: Introduction and Core Theories (Free Notes)', 'Foundational overview video and high-yield notes.', 1, false),
('less_c10_generalscience_premium', 'chap_c10_generalscience_1', 'course_c10_generalscience', 'Lesson 1.2: Premium Practice Problems & PYQ Sheets', 'Detailed chapter solving guide and notes.', 2, false),
('less_c10_generalmathematics_free', 'chap_c10_generalmathematics_1', 'course_c10_generalmathematics', 'Lesson 1.1: Introduction and Core Theories (Free Notes)', 'Foundational overview video and high-yield notes.', 1, false),
('less_c10_generalmathematics_premium', 'chap_c10_generalmathematics_1', 'course_c10_generalmathematics', 'Lesson 1.2: Premium Practice Problems & PYQ Sheets', 'Detailed chapter solving guide and notes.', 2, true),
('less_c10_english_free', 'chap_c10_english_1', 'course_c10_english', 'Lesson 1.1: Introduction and Core Theories (Free Notes)', 'Foundational overview video and high-yield notes.', 1, false),
('less_c10_english_premium', 'chap_c10_english_1', 'course_c10_english', 'Lesson 1.2: Premium Practice Problems & PYQ Sheets', 'Detailed chapter solving guide and notes.', 2, false),
('less_c11_sci_physics_free', 'chap_c11_sci_physics_1', 'course_c11_sci_physics', 'Lesson 1.1: Introduction and Core Theories (Free Notes)', 'Foundational overview video and high-yield notes.', 1, false),
('less_c11_sci_physics_premium', 'chap_c11_sci_physics_1', 'course_c11_sci_physics', 'Lesson 1.2: Premium Practice Problems & PYQ Sheets', 'Detailed chapter solving guide and notes.', 2, false),
('less_c11_sci_chemistry_free', 'chap_c11_sci_chemistry_1', 'course_c11_sci_chemistry', 'Lesson 1.1: Introduction and Core Theories (Free Notes)', 'Foundational overview video and high-yield notes.', 1, false),
('less_c11_sci_chemistry_premium', 'chap_c11_sci_chemistry_1', 'course_c11_sci_chemistry', 'Lesson 1.2: Premium Practice Problems & PYQ Sheets', 'Detailed chapter solving guide and notes.', 2, true),
('less_c11_sci_biology_free', 'chap_c11_sci_biology_1', 'course_c11_sci_biology', 'Lesson 1.1: Introduction and Core Theories (Free Notes)', 'Foundational overview video and high-yield notes.', 1, false),
('less_c11_sci_biology_premium', 'chap_c11_sci_biology_1', 'course_c11_sci_biology', 'Lesson 1.2: Premium Practice Problems & PYQ Sheets', 'Detailed chapter solving guide and notes.', 2, false),
('less_c12_sci_physics_free', 'chap_c12_sci_physics_1', 'course_c12_sci_physics', 'Lesson 1.1: Introduction and Core Theories (Free Notes)', 'Foundational overview video and high-yield notes.', 1, false),
('less_c12_sci_physics_premium', 'chap_c12_sci_physics_1', 'course_c12_sci_physics', 'Lesson 1.2: Premium Practice Problems & PYQ Sheets', 'Detailed chapter solving guide and notes.', 2, false),
('less_c12_sci_chemistry_free', 'chap_c12_sci_chemistry_1', 'course_c12_sci_chemistry', 'Lesson 1.1: Introduction and Core Theories (Free Notes)', 'Foundational overview video and high-yield notes.', 1, false),
('less_c12_sci_chemistry_premium', 'chap_c12_sci_chemistry_1', 'course_c12_sci_chemistry', 'Lesson 1.2: Premium Practice Problems & PYQ Sheets', 'Detailed chapter solving guide and notes.', 2, true),
('less_c12_sci_biology_free', 'chap_c12_sci_biology_1', 'course_c12_sci_biology', 'Lesson 1.1: Introduction and Core Theories (Free Notes)', 'Foundational overview video and high-yield notes.', 1, false),
('less_c12_sci_biology_premium', 'chap_c12_sci_biology_1', 'course_c12_sci_biology', 'Lesson 1.2: Premium Practice Problems & PYQ Sheets', 'Detailed chapter solving guide and notes.', 2, false),
('less_neet_biology_free', 'chap_neet_biology_1', 'course_neet_biology', 'Lesson 1.1: Introduction and Core Theories (Free Notes)', 'Foundational overview video and high-yield notes.', 1, false),
('less_neet_biology_premium', 'chap_neet_biology_1', 'course_neet_biology', 'Lesson 1.2: Premium Practice Problems & PYQ Sheets', 'Detailed chapter solving guide and notes.', 2, true),
('less_neet_chemistry_free', 'chap_neet_chemistry_1', 'course_neet_chemistry', 'Lesson 1.1: Introduction and Core Theories (Free Notes)', 'Foundational overview video and high-yield notes.', 1, false),
('less_neet_chemistry_premium', 'chap_neet_chemistry_1', 'course_neet_chemistry', 'Lesson 1.2: Premium Practice Problems & PYQ Sheets', 'Detailed chapter solving guide and notes.', 2, true),
('less_bpharm_pharmaceutics_free', 'chap_bpharm_pharmaceutics_1', 'course_bpharm_pharmaceutics', 'Lesson 1.1: Introduction and Core Theories (Free Notes)', 'Foundational overview video and high-yield notes.', 1, false),
('less_bpharm_pharmaceutics_premium', 'chap_bpharm_pharmaceutics_1', 'course_bpharm_pharmaceutics', 'Lesson 1.2: Premium Practice Problems & PYQ Sheets', 'Detailed chapter solving guide and notes.', 2, true),
('less_bpharm_pharmaceuticalchemistry_free', 'chap_bpharm_pharmaceuticalchemistry_1', 'course_bpharm_pharmaceuticalchemistry', 'Lesson 1.1: Introduction and Core Theories (Free Notes)', 'Foundational overview video and high-yield notes.', 1, false),
('less_bpharm_pharmaceuticalchemistry_premium', 'chap_bpharm_pharmaceuticalchemistry_1', 'course_bpharm_pharmaceuticalchemistry', 'Lesson 1.2: Premium Practice Problems & PYQ Sheets', 'Detailed chapter solving guide and notes.', 2, true),
('less_bpharm_pharmacognosy_free', 'chap_bpharm_pharmacognosy_1', 'course_bpharm_pharmacognosy', 'Lesson 1.1: Introduction and Core Theories (Free Notes)', 'Foundational overview video and high-yield notes.', 1, false),
('less_bpharm_pharmacognosy_premium', 'chap_bpharm_pharmacognosy_1', 'course_bpharm_pharmacognosy', 'Lesson 1.2: Premium Practice Problems & PYQ Sheets', 'Detailed chapter solving guide and notes.', 2, true),
('less_nursing_anatomyphysiology_free', 'chap_nursing_anatomyphysiology_1', 'course_nursing_anatomyphysiology', 'Lesson 1.1: Introduction and Core Theories (Free Notes)', 'Foundational overview video and high-yield notes.', 1, false),
('less_nursing_anatomyphysiology_premium', 'chap_nursing_anatomyphysiology_1', 'course_nursing_anatomyphysiology', 'Lesson 1.2: Premium Practice Problems & PYQ Sheets', 'Detailed chapter solving guide and notes.', 2, true),
('less_nursing_nursingfoundations_free', 'chap_nursing_nursingfoundations_1', 'course_nursing_nursingfoundations', 'Lesson 1.1: Introduction and Core Theories (Free Notes)', 'Foundational overview video and high-yield notes.', 1, false),
('less_nursing_nursingfoundations_premium', 'chap_nursing_nursingfoundations_1', 'course_nursing_nursingfoundations', 'Lesson 1.2: Premium Practice Problems & PYQ Sheets', 'Detailed chapter solving guide and notes.', 2, true),
('less_nursing_microbiology_free', 'chap_nursing_microbiology_1', 'course_nursing_microbiology', 'Lesson 1.1: Introduction and Core Theories (Free Notes)', 'Foundational overview video and high-yield notes.', 1, false),
('less_nursing_microbiology_premium', 'chap_nursing_microbiology_1', 'course_nursing_microbiology', 'Lesson 1.2: Premium Practice Problems & PYQ Sheets', 'Detailed chapter solving guide and notes.', 2, true)
ON CONFLICT (id) DO UPDATE SET "chapterId" = EXCLUDED."chapterId", "courseId" = EXCLUDED."courseId", title = EXCLUDED.title, description = EXCLUDED.description, "orderIndex" = EXCLUDED."orderIndex", "isPremium" = EXCLUDED."isPremium";

-- 7. Seed Videos
INSERT INTO public.videos (id, "lessonId", title, provider, "videoIdOrUrl", "durationSeconds")
VALUES
('vid_less_c6_generalscience_free', 'less_c6_generalscience_free', 'Core video lecture: General Science Concepts', 'youtube', 'h7gh96X69Gs', 900),
('vid_less_c6_generalscience_premium', 'less_c6_generalscience_premium', 'High-Yield Revision Guide for General Science', 'youtube', 'sfSId8A98y8', 1200),
('vid_less_c6_generalmathematics_free', 'less_c6_generalmathematics_free', 'Core video lecture: General Mathematics Concepts', 'youtube', 'h7gh96X69Gs', 900),
('vid_less_c6_generalmathematics_premium', 'less_c6_generalmathematics_premium', 'High-Yield Revision Guide for General Mathematics', 'youtube', 'sfSId8A98y8', 1200),
('vid_less_c6_english_free', 'less_c6_english_free', 'Core video lecture: English Concepts', 'youtube', 'h7gh96X69Gs', 900),
('vid_less_c6_english_premium', 'less_c6_english_premium', 'High-Yield Revision Guide for English', 'youtube', 'sfSId8A98y8', 1200),
('vid_less_c7_generalscience_free', 'less_c7_generalscience_free', 'Core video lecture: General Science Concepts', 'youtube', 'h7gh96X69Gs', 900),
('vid_less_c7_generalscience_premium', 'less_c7_generalscience_premium', 'High-Yield Revision Guide for General Science', 'youtube', 'sfSId8A98y8', 1200),
('vid_less_c7_generalmathematics_free', 'less_c7_generalmathematics_free', 'Core video lecture: General Mathematics Concepts', 'youtube', 'h7gh96X69Gs', 900),
('vid_less_c7_generalmathematics_premium', 'less_c7_generalmathematics_premium', 'High-Yield Revision Guide for General Mathematics', 'youtube', 'sfSId8A98y8', 1200),
('vid_less_c7_english_free', 'less_c7_english_free', 'Core video lecture: English Concepts', 'youtube', 'h7gh96X69Gs', 900),
('vid_less_c7_english_premium', 'less_c7_english_premium', 'High-Yield Revision Guide for English', 'youtube', 'sfSId8A98y8', 1200),
('vid_less_c8_generalscience_free', 'less_c8_generalscience_free', 'Core video lecture: General Science Concepts', 'youtube', 'h7gh96X69Gs', 900),
('vid_less_c8_generalscience_premium', 'less_c8_generalscience_premium', 'High-Yield Revision Guide for General Science', 'youtube', 'sfSId8A98y8', 1200),
('vid_less_c8_generalmathematics_free', 'less_c8_generalmathematics_free', 'Core video lecture: General Mathematics Concepts', 'youtube', 'h7gh96X69Gs', 900),
('vid_less_c8_generalmathematics_premium', 'less_c8_generalmathematics_premium', 'High-Yield Revision Guide for General Mathematics', 'youtube', 'sfSId8A98y8', 1200),
('vid_less_c8_english_free', 'less_c8_english_free', 'Core video lecture: English Concepts', 'youtube', 'h7gh96X69Gs', 900),
('vid_less_c8_english_premium', 'less_c8_english_premium', 'High-Yield Revision Guide for English', 'youtube', 'sfSId8A98y8', 1200),
('vid_less_c9_generalscience_free', 'less_c9_generalscience_free', 'Core video lecture: General Science Concepts', 'youtube', 'h7gh96X69Gs', 900),
('vid_less_c9_generalscience_premium', 'less_c9_generalscience_premium', 'High-Yield Revision Guide for General Science', 'youtube', 'sfSId8A98y8', 1200),
('vid_less_c9_generalmathematics_free', 'less_c9_generalmathematics_free', 'Core video lecture: General Mathematics Concepts', 'youtube', 'h7gh96X69Gs', 900),
('vid_less_c9_generalmathematics_premium', 'less_c9_generalmathematics_premium', 'High-Yield Revision Guide for General Mathematics', 'youtube', 'sfSId8A98y8', 1200),
('vid_less_c9_english_free', 'less_c9_english_free', 'Core video lecture: English Concepts', 'youtube', 'h7gh96X69Gs', 900),
('vid_less_c9_english_premium', 'less_c9_english_premium', 'High-Yield Revision Guide for English', 'youtube', 'sfSId8A98y8', 1200),
('vid_less_c10_generalscience_free', 'less_c10_generalscience_free', 'Core video lecture: General Science Concepts', 'youtube', 'h7gh96X69Gs', 900),
('vid_less_c10_generalscience_premium', 'less_c10_generalscience_premium', 'High-Yield Revision Guide for General Science', 'youtube', 'sfSId8A98y8', 1200),
('vid_less_c10_generalmathematics_free', 'less_c10_generalmathematics_free', 'Core video lecture: General Mathematics Concepts', 'youtube', 'h7gh96X69Gs', 900),
('vid_less_c10_generalmathematics_premium', 'less_c10_generalmathematics_premium', 'High-Yield Revision Guide for General Mathematics', 'youtube', 'sfSId8A98y8', 1200),
('vid_less_c10_english_free', 'less_c10_english_free', 'Core video lecture: English Concepts', 'youtube', 'h7gh96X69Gs', 900),
('vid_less_c10_english_premium', 'less_c10_english_premium', 'High-Yield Revision Guide for English', 'youtube', 'sfSId8A98y8', 1200),
('vid_less_c11_sci_physics_free', 'less_c11_sci_physics_free', 'Core video lecture: Physics Concepts', 'youtube', 'h7gh96X69Gs', 900),
('vid_less_c11_sci_physics_premium', 'less_c11_sci_physics_premium', 'High-Yield Revision Guide for Physics', 'youtube', 'sfSId8A98y8', 1200),
('vid_less_c11_sci_chemistry_free', 'less_c11_sci_chemistry_free', 'Core video lecture: Chemistry Concepts', 'youtube', 'h7gh96X69Gs', 900),
('vid_less_c11_sci_chemistry_premium', 'less_c11_sci_chemistry_premium', 'High-Yield Revision Guide for Chemistry', 'youtube', 'sfSId8A98y8', 1200),
('vid_less_c11_sci_biology_free', 'less_c11_sci_biology_free', 'Core video lecture: Biology Concepts', 'youtube', 'h7gh96X69Gs', 900),
('vid_less_c11_sci_biology_premium', 'less_c11_sci_biology_premium', 'High-Yield Revision Guide for Biology', 'youtube', 'sfSId8A98y8', 1200),
('vid_less_c12_sci_physics_free', 'less_c12_sci_physics_free', 'Core video lecture: Physics Concepts', 'youtube', 'h7gh96X69Gs', 900),
('vid_less_c12_sci_physics_premium', 'less_c12_sci_physics_premium', 'High-Yield Revision Guide for Physics', 'youtube', 'sfSId8A98y8', 1200),
('vid_less_c12_sci_chemistry_free', 'less_c12_sci_chemistry_free', 'Core video lecture: Chemistry Concepts', 'youtube', 'h7gh96X69Gs', 900),
('vid_less_c12_sci_chemistry_premium', 'less_c12_sci_chemistry_premium', 'High-Yield Revision Guide for Chemistry', 'youtube', 'sfSId8A98y8', 1200),
('vid_less_c12_sci_biology_free', 'less_c12_sci_biology_free', 'Core video lecture: Biology Concepts', 'youtube', 'h7gh96X69Gs', 900),
('vid_less_c12_sci_biology_premium', 'less_c12_sci_biology_premium', 'High-Yield Revision Guide for Biology', 'youtube', 'sfSId8A98y8', 1200),
('vid_less_neet_biology_free', 'less_neet_biology_free', 'Core video lecture: Biology Concepts', 'youtube', 'h7gh96X69Gs', 900),
('vid_less_neet_biology_premium', 'less_neet_biology_premium', 'High-Yield Revision Guide for Biology', 'youtube', 'sfSId8A98y8', 1200),
('vid_less_neet_chemistry_free', 'less_neet_chemistry_free', 'Core video lecture: Chemistry Concepts', 'youtube', 'h7gh96X69Gs', 900),
('vid_less_neet_chemistry_premium', 'less_neet_chemistry_premium', 'High-Yield Revision Guide for Chemistry', 'youtube', 'sfSId8A98y8', 1200),
('vid_less_bpharm_pharmaceutics_free', 'less_bpharm_pharmaceutics_free', 'Core video lecture: Pharmaceutics Concepts', 'youtube', 'h7gh96X69Gs', 900),
('vid_less_bpharm_pharmaceutics_premium', 'less_bpharm_pharmaceutics_premium', 'High-Yield Revision Guide for Pharmaceutics', 'youtube', 'sfSId8A98y8', 1200),
('vid_less_bpharm_pharmaceuticalchemistry_free', 'less_bpharm_pharmaceuticalchemistry_free', 'Core video lecture: Pharmaceutical Chemistry Concepts', 'youtube', 'h7gh96X69Gs', 900),
('vid_less_bpharm_pharmaceuticalchemistry_premium', 'less_bpharm_pharmaceuticalchemistry_premium', 'High-Yield Revision Guide for Pharmaceutical Chemistry', 'youtube', 'sfSId8A98y8', 1200),
('vid_less_bpharm_pharmacognosy_free', 'less_bpharm_pharmacognosy_free', 'Core video lecture: Pharmacognosy Concepts', 'youtube', 'h7gh96X69Gs', 900),
('vid_less_bpharm_pharmacognosy_premium', 'less_bpharm_pharmacognosy_premium', 'High-Yield Revision Guide for Pharmacognosy', 'youtube', 'sfSId8A98y8', 1200),
('vid_less_nursing_anatomyphysiology_free', 'less_nursing_anatomyphysiology_free', 'Core video lecture: Anatomy & Physiology Concepts', 'youtube', 'h7gh96X69Gs', 900),
('vid_less_nursing_anatomyphysiology_premium', 'less_nursing_anatomyphysiology_premium', 'High-Yield Revision Guide for Anatomy & Physiology', 'youtube', 'sfSId8A98y8', 1200),
('vid_less_nursing_nursingfoundations_free', 'less_nursing_nursingfoundations_free', 'Core video lecture: Nursing Foundations Concepts', 'youtube', 'h7gh96X69Gs', 900),
('vid_less_nursing_nursingfoundations_premium', 'less_nursing_nursingfoundations_premium', 'High-Yield Revision Guide for Nursing Foundations', 'youtube', 'sfSId8A98y8', 1200),
('vid_less_nursing_microbiology_free', 'less_nursing_microbiology_free', 'Core video lecture: Microbiology Concepts', 'youtube', 'h7gh96X69Gs', 900),
('vid_less_nursing_microbiology_premium', 'less_nursing_microbiology_premium', 'High-Yield Revision Guide for Microbiology', 'youtube', 'sfSId8A98y8', 1200)
ON CONFLICT (id) DO UPDATE SET "lessonId" = EXCLUDED."lessonId", title = EXCLUDED.title, provider = EXCLUDED.provider, "videoIdOrUrl" = EXCLUDED."videoIdOrUrl", "durationSeconds" = EXCLUDED."durationSeconds";

-- 8. Seed Notes
INSERT INTO public.notes (id, "lessonId", "classId", "subjectId", type, title, "pdfUrl", "sizeBytes", "isPremium", price)
VALUES
('note_less_c6_generalscience_free_pdf', 'less_c6_generalscience_free', 'c6', 'sub_c6_generalscience', 'notes', 'Class 6 General Science - Revision Handout (Free).pdf', 'https://www.w3.org/WAI/ER/tests/xhtml/testfiles/resources/pdf/dummy.pdf', 154000, false, 0),
('note_less_c6_generalscience_premium_pdf', 'less_c6_generalscience_premium', 'c6', 'sub_c6_generalscience', 'notes', 'Class 6 General Science - Premium Chapter Key (Locked).pdf', 'https://www.w3.org/WAI/ER/tests/xhtml/testfiles/resources/pdf/dummy.pdf', 280000, false, 30),
('note_less_c6_generalmathematics_free_pdf', 'less_c6_generalmathematics_free', 'c6', 'sub_c6_generalmathematics', 'notes', 'Class 6 General Mathematics - Revision Handout (Free).pdf', 'https://www.w3.org/WAI/ER/tests/xhtml/testfiles/resources/pdf/dummy.pdf', 154000, false, 0),
('note_less_c6_generalmathematics_premium_pdf', 'less_c6_generalmathematics_premium', 'c6', 'sub_c6_generalmathematics', 'notes', 'Class 6 General Mathematics - Premium Chapter Key (Locked).pdf', 'https://www.w3.org/WAI/ER/tests/xhtml/testfiles/resources/pdf/dummy.pdf', 280000, true, 30),
('note_less_c6_english_free_pdf', 'less_c6_english_free', 'c6', 'sub_c6_english', 'notes', 'Class 6 English - Revision Handout (Free).pdf', 'https://www.w3.org/WAI/ER/tests/xhtml/testfiles/resources/pdf/dummy.pdf', 154000, false, 0),
('note_less_c6_english_premium_pdf', 'less_c6_english_premium', 'c6', 'sub_c6_english', 'notes', 'Class 6 English - Premium Chapter Key (Locked).pdf', 'https://www.w3.org/WAI/ER/tests/xhtml/testfiles/resources/pdf/dummy.pdf', 280000, false, 30),
('note_less_c7_generalscience_free_pdf', 'less_c7_generalscience_free', 'c7', 'sub_c7_generalscience', 'notes', 'Class 7 General Science - Revision Handout (Free).pdf', 'https://www.w3.org/WAI/ER/tests/xhtml/testfiles/resources/pdf/dummy.pdf', 154000, false, 0),
('note_less_c7_generalscience_premium_pdf', 'less_c7_generalscience_premium', 'c7', 'sub_c7_generalscience', 'notes', 'Class 7 General Science - Premium Chapter Key (Locked).pdf', 'https://www.w3.org/WAI/ER/tests/xhtml/testfiles/resources/pdf/dummy.pdf', 280000, false, 30),
('note_less_c7_generalmathematics_free_pdf', 'less_c7_generalmathematics_free', 'c7', 'sub_c7_generalmathematics', 'notes', 'Class 7 General Mathematics - Revision Handout (Free).pdf', 'https://www.w3.org/WAI/ER/tests/xhtml/testfiles/resources/pdf/dummy.pdf', 154000, false, 0),
('note_less_c7_generalmathematics_premium_pdf', 'less_c7_generalmathematics_premium', 'c7', 'sub_c7_generalmathematics', 'notes', 'Class 7 General Mathematics - Premium Chapter Key (Locked).pdf', 'https://www.w3.org/WAI/ER/tests/xhtml/testfiles/resources/pdf/dummy.pdf', 280000, true, 30),
('note_less_c7_english_free_pdf', 'less_c7_english_free', 'c7', 'sub_c7_english', 'notes', 'Class 7 English - Revision Handout (Free).pdf', 'https://www.w3.org/WAI/ER/tests/xhtml/testfiles/resources/pdf/dummy.pdf', 154000, false, 0),
('note_less_c7_english_premium_pdf', 'less_c7_english_premium', 'c7', 'sub_c7_english', 'notes', 'Class 7 English - Premium Chapter Key (Locked).pdf', 'https://www.w3.org/WAI/ER/tests/xhtml/testfiles/resources/pdf/dummy.pdf', 280000, false, 30),
('note_less_c8_generalscience_free_pdf', 'less_c8_generalscience_free', 'c8', 'sub_c8_generalscience', 'notes', 'Class 8 General Science - Revision Handout (Free).pdf', 'https://www.w3.org/WAI/ER/tests/xhtml/testfiles/resources/pdf/dummy.pdf', 154000, false, 0),
('note_less_c8_generalscience_premium_pdf', 'less_c8_generalscience_premium', 'c8', 'sub_c8_generalscience', 'notes', 'Class 8 General Science - Premium Chapter Key (Locked).pdf', 'https://www.w3.org/WAI/ER/tests/xhtml/testfiles/resources/pdf/dummy.pdf', 280000, false, 30),
('note_less_c8_generalmathematics_free_pdf', 'less_c8_generalmathematics_free', 'c8', 'sub_c8_generalmathematics', 'notes', 'Class 8 General Mathematics - Revision Handout (Free).pdf', 'https://www.w3.org/WAI/ER/tests/xhtml/testfiles/resources/pdf/dummy.pdf', 154000, false, 0),
('note_less_c8_generalmathematics_premium_pdf', 'less_c8_generalmathematics_premium', 'c8', 'sub_c8_generalmathematics', 'notes', 'Class 8 General Mathematics - Premium Chapter Key (Locked).pdf', 'https://www.w3.org/WAI/ER/tests/xhtml/testfiles/resources/pdf/dummy.pdf', 280000, true, 30),
('note_less_c8_english_free_pdf', 'less_c8_english_free', 'c8', 'sub_c8_english', 'notes', 'Class 8 English - Revision Handout (Free).pdf', 'https://www.w3.org/WAI/ER/tests/xhtml/testfiles/resources/pdf/dummy.pdf', 154000, false, 0),
('note_less_c8_english_premium_pdf', 'less_c8_english_premium', 'c8', 'sub_c8_english', 'notes', 'Class 8 English - Premium Chapter Key (Locked).pdf', 'https://www.w3.org/WAI/ER/tests/xhtml/testfiles/resources/pdf/dummy.pdf', 280000, false, 30),
('note_less_c9_generalscience_free_pdf', 'less_c9_generalscience_free', 'c9', 'sub_c9_generalscience', 'notes', 'Class 9 General Science - Revision Handout (Free).pdf', 'https://www.w3.org/WAI/ER/tests/xhtml/testfiles/resources/pdf/dummy.pdf', 154000, false, 0),
('note_less_c9_generalscience_premium_pdf', 'less_c9_generalscience_premium', 'c9', 'sub_c9_generalscience', 'notes', 'Class 9 General Science - Premium Chapter Key (Locked).pdf', 'https://www.w3.org/WAI/ER/tests/xhtml/testfiles/resources/pdf/dummy.pdf', 280000, false, 30),
('note_less_c9_generalmathematics_free_pdf', 'less_c9_generalmathematics_free', 'c9', 'sub_c9_generalmathematics', 'notes', 'Class 9 General Mathematics - Revision Handout (Free).pdf', 'https://www.w3.org/WAI/ER/tests/xhtml/testfiles/resources/pdf/dummy.pdf', 154000, false, 0),
('note_less_c9_generalmathematics_premium_pdf', 'less_c9_generalmathematics_premium', 'c9', 'sub_c9_generalmathematics', 'notes', 'Class 9 General Mathematics - Premium Chapter Key (Locked).pdf', 'https://www.w3.org/WAI/ER/tests/xhtml/testfiles/resources/pdf/dummy.pdf', 280000, true, 30),
('note_less_c9_english_free_pdf', 'less_c9_english_free', 'c9', 'sub_c9_english', 'notes', 'Class 9 English - Revision Handout (Free).pdf', 'https://www.w3.org/WAI/ER/tests/xhtml/testfiles/resources/pdf/dummy.pdf', 154000, false, 0),
('note_less_c9_english_premium_pdf', 'less_c9_english_premium', 'c9', 'sub_c9_english', 'notes', 'Class 9 English - Premium Chapter Key (Locked).pdf', 'https://www.w3.org/WAI/ER/tests/xhtml/testfiles/resources/pdf/dummy.pdf', 280000, false, 30),
('note_less_c10_generalscience_free_pdf', 'less_c10_generalscience_free', 'c10', 'sub_c10_generalscience', 'notes', 'Class 10 General Science - Revision Handout (Free).pdf', 'https://www.w3.org/WAI/ER/tests/xhtml/testfiles/resources/pdf/dummy.pdf', 154000, false, 0),
('note_less_c10_generalscience_premium_pdf', 'less_c10_generalscience_premium', 'c10', 'sub_c10_generalscience', 'notes', 'Class 10 General Science - Premium Chapter Key (Locked).pdf', 'https://www.w3.org/WAI/ER/tests/xhtml/testfiles/resources/pdf/dummy.pdf', 280000, false, 30),
('note_less_c10_generalmathematics_free_pdf', 'less_c10_generalmathematics_free', 'c10', 'sub_c10_generalmathematics', 'notes', 'Class 10 General Mathematics - Revision Handout (Free).pdf', 'https://www.w3.org/WAI/ER/tests/xhtml/testfiles/resources/pdf/dummy.pdf', 154000, false, 0),
('note_less_c10_generalmathematics_premium_pdf', 'less_c10_generalmathematics_premium', 'c10', 'sub_c10_generalmathematics', 'notes', 'Class 10 General Mathematics - Premium Chapter Key (Locked).pdf', 'https://www.w3.org/WAI/ER/tests/xhtml/testfiles/resources/pdf/dummy.pdf', 280000, true, 30),
('note_less_c10_english_free_pdf', 'less_c10_english_free', 'c10', 'sub_c10_english', 'notes', 'Class 10 English - Revision Handout (Free).pdf', 'https://www.w3.org/WAI/ER/tests/xhtml/testfiles/resources/pdf/dummy.pdf', 154000, false, 0),
('note_less_c10_english_premium_pdf', 'less_c10_english_premium', 'c10', 'sub_c10_english', 'notes', 'Class 10 English - Premium Chapter Key (Locked).pdf', 'https://www.w3.org/WAI/ER/tests/xhtml/testfiles/resources/pdf/dummy.pdf', 280000, false, 30),
('note_less_c11_sci_physics_free_pdf', 'less_c11_sci_physics_free', 'c11_sci', 'sub_c11_sci_physics', 'notes', 'Class 11 Science Physics - Revision Handout (Free).pdf', 'https://www.w3.org/WAI/ER/tests/xhtml/testfiles/resources/pdf/dummy.pdf', 154000, false, 0),
('note_less_c11_sci_physics_premium_pdf', 'less_c11_sci_physics_premium', 'c11_sci', 'sub_c11_sci_physics', 'notes', 'Class 11 Science Physics - Premium Chapter Key (Locked).pdf', 'https://www.w3.org/WAI/ER/tests/xhtml/testfiles/resources/pdf/dummy.pdf', 280000, false, 30),
('note_less_c11_sci_chemistry_free_pdf', 'less_c11_sci_chemistry_free', 'c11_sci', 'sub_c11_sci_chemistry', 'notes', 'Class 11 Science Chemistry - Revision Handout (Free).pdf', 'https://www.w3.org/WAI/ER/tests/xhtml/testfiles/resources/pdf/dummy.pdf', 154000, false, 0),
('note_less_c11_sci_chemistry_premium_pdf', 'less_c11_sci_chemistry_premium', 'c11_sci', 'sub_c11_sci_chemistry', 'notes', 'Class 11 Science Chemistry - Premium Chapter Key (Locked).pdf', 'https://www.w3.org/WAI/ER/tests/xhtml/testfiles/resources/pdf/dummy.pdf', 280000, true, 30),
('note_less_c11_sci_biology_free_pdf', 'less_c11_sci_biology_free', 'c11_sci', 'sub_c11_sci_biology', 'notes', 'Class 11 Science Biology - Revision Handout (Free).pdf', 'https://www.w3.org/WAI/ER/tests/xhtml/testfiles/resources/pdf/dummy.pdf', 154000, false, 0),
('note_less_c11_sci_biology_premium_pdf', 'less_c11_sci_biology_premium', 'c11_sci', 'sub_c11_sci_biology', 'notes', 'Class 11 Science Biology - Premium Chapter Key (Locked).pdf', 'https://www.w3.org/WAI/ER/tests/xhtml/testfiles/resources/pdf/dummy.pdf', 280000, false, 30),
('note_less_c12_sci_physics_free_pdf', 'less_c12_sci_physics_free', 'c12_sci', 'sub_c12_sci_physics', 'notes', 'Class 12 Science Physics - Revision Handout (Free).pdf', 'https://www.w3.org/WAI/ER/tests/xhtml/testfiles/resources/pdf/dummy.pdf', 154000, false, 0),
('note_less_c12_sci_physics_premium_pdf', 'less_c12_sci_physics_premium', 'c12_sci', 'sub_c12_sci_physics', 'notes', 'Class 12 Science Physics - Premium Chapter Key (Locked).pdf', 'https://www.w3.org/WAI/ER/tests/xhtml/testfiles/resources/pdf/dummy.pdf', 280000, false, 30),
('note_less_c12_sci_chemistry_free_pdf', 'less_c12_sci_chemistry_free', 'c12_sci', 'sub_c12_sci_chemistry', 'notes', 'Class 12 Science Chemistry - Revision Handout (Free).pdf', 'https://www.w3.org/WAI/ER/tests/xhtml/testfiles/resources/pdf/dummy.pdf', 154000, false, 0),
('note_less_c12_sci_chemistry_premium_pdf', 'less_c12_sci_chemistry_premium', 'c12_sci', 'sub_c12_sci_chemistry', 'notes', 'Class 12 Science Chemistry - Premium Chapter Key (Locked).pdf', 'https://www.w3.org/WAI/ER/tests/xhtml/testfiles/resources/pdf/dummy.pdf', 280000, true, 30),
('note_less_c12_sci_biology_free_pdf', 'less_c12_sci_biology_free', 'c12_sci', 'sub_c12_sci_biology', 'notes', 'Class 12 Science Biology - Revision Handout (Free).pdf', 'https://www.w3.org/WAI/ER/tests/xhtml/testfiles/resources/pdf/dummy.pdf', 154000, false, 0),
('note_less_c12_sci_biology_premium_pdf', 'less_c12_sci_biology_premium', 'c12_sci', 'sub_c12_sci_biology', 'notes', 'Class 12 Science Biology - Premium Chapter Key (Locked).pdf', 'https://www.w3.org/WAI/ER/tests/xhtml/testfiles/resources/pdf/dummy.pdf', 280000, false, 30),
('note_less_neet_biology_free_pdf', 'less_neet_biology_free', 'neet', 'sub_neet_biology', 'notes', 'NEET (Biology & Chemistry) Biology - Revision Handout (Free).pdf', 'https://www.w3.org/WAI/ER/tests/xhtml/testfiles/resources/pdf/dummy.pdf', 154000, false, 0),
('note_less_neet_biology_premium_pdf', 'less_neet_biology_premium', 'neet', 'sub_neet_biology', 'notes', 'NEET (Biology & Chemistry) Biology - Premium Chapter Key (Locked).pdf', 'https://www.w3.org/WAI/ER/tests/xhtml/testfiles/resources/pdf/dummy.pdf', 280000, true, 30),
('note_less_neet_chemistry_free_pdf', 'less_neet_chemistry_free', 'neet', 'sub_neet_chemistry', 'notes', 'NEET (Biology & Chemistry) Chemistry - Revision Handout (Free).pdf', 'https://www.w3.org/WAI/ER/tests/xhtml/testfiles/resources/pdf/dummy.pdf', 154000, false, 0),
('note_less_neet_chemistry_premium_pdf', 'less_neet_chemistry_premium', 'neet', 'sub_neet_chemistry', 'notes', 'NEET (Biology & Chemistry) Chemistry - Premium Chapter Key (Locked).pdf', 'https://www.w3.org/WAI/ER/tests/xhtml/testfiles/resources/pdf/dummy.pdf', 280000, true, 30),
('note_less_bpharm_pharmaceutics_free_pdf', 'less_bpharm_pharmaceutics_free', 'bpharm', 'sub_bpharm_pharmaceutics', 'notes', 'B.Pharm Preparation Pharmaceutics - Revision Handout (Free).pdf', 'https://www.w3.org/WAI/ER/tests/xhtml/testfiles/resources/pdf/dummy.pdf', 154000, false, 0),
('note_less_bpharm_pharmaceutics_premium_pdf', 'less_bpharm_pharmaceutics_premium', 'bpharm', 'sub_bpharm_pharmaceutics', 'notes', 'B.Pharm Preparation Pharmaceutics - Premium Chapter Key (Locked).pdf', 'https://www.w3.org/WAI/ER/tests/xhtml/testfiles/resources/pdf/dummy.pdf', 280000, true, 30),
('note_less_bpharm_pharmaceuticalchemistry_free_pdf', 'less_bpharm_pharmaceuticalchemistry_free', 'bpharm', 'sub_bpharm_pharmaceuticalchemistry', 'notes', 'B.Pharm Preparation Pharmaceutical Chemistry - Revision Handout (Free).pdf', 'https://www.w3.org/WAI/ER/tests/xhtml/testfiles/resources/pdf/dummy.pdf', 154000, false, 0),
('note_less_bpharm_pharmaceuticalchemistry_premium_pdf', 'less_bpharm_pharmaceuticalchemistry_premium', 'bpharm', 'sub_bpharm_pharmaceuticalchemistry', 'notes', 'B.Pharm Preparation Pharmaceutical Chemistry - Premium Chapter Key (Locked).pdf', 'https://www.w3.org/WAI/ER/tests/xhtml/testfiles/resources/pdf/dummy.pdf', 280000, true, 30),
('note_less_bpharm_pharmacognosy_free_pdf', 'less_bpharm_pharmacognosy_free', 'bpharm', 'sub_bpharm_pharmacognosy', 'notes', 'B.Pharm Preparation Pharmacognosy - Revision Handout (Free).pdf', 'https://www.w3.org/WAI/ER/tests/xhtml/testfiles/resources/pdf/dummy.pdf', 154000, false, 0),
('note_less_bpharm_pharmacognosy_premium_pdf', 'less_bpharm_pharmacognosy_premium', 'bpharm', 'sub_bpharm_pharmacognosy', 'notes', 'B.Pharm Preparation Pharmacognosy - Premium Chapter Key (Locked).pdf', 'https://www.w3.org/WAI/ER/tests/xhtml/testfiles/resources/pdf/dummy.pdf', 280000, true, 30),
('note_less_nursing_anatomyphysiology_free_pdf', 'less_nursing_anatomyphysiology_free', 'nursing', 'sub_nursing_anatomyphysiology', 'notes', 'Nursing Preparation Anatomy & Physiology - Revision Handout (Free).pdf', 'https://www.w3.org/WAI/ER/tests/xhtml/testfiles/resources/pdf/dummy.pdf', 154000, false, 0),
('note_less_nursing_anatomyphysiology_premium_pdf', 'less_nursing_anatomyphysiology_premium', 'nursing', 'sub_nursing_anatomyphysiology', 'notes', 'Nursing Preparation Anatomy & Physiology - Premium Chapter Key (Locked).pdf', 'https://www.w3.org/WAI/ER/tests/xhtml/testfiles/resources/pdf/dummy.pdf', 280000, true, 30),
('note_less_nursing_nursingfoundations_free_pdf', 'less_nursing_nursingfoundations_free', 'nursing', 'sub_nursing_nursingfoundations', 'notes', 'Nursing Preparation Nursing Foundations - Revision Handout (Free).pdf', 'https://www.w3.org/WAI/ER/tests/xhtml/testfiles/resources/pdf/dummy.pdf', 154000, false, 0),
('note_less_nursing_nursingfoundations_premium_pdf', 'less_nursing_nursingfoundations_premium', 'nursing', 'sub_nursing_nursingfoundations', 'notes', 'Nursing Preparation Nursing Foundations - Premium Chapter Key (Locked).pdf', 'https://www.w3.org/WAI/ER/tests/xhtml/testfiles/resources/pdf/dummy.pdf', 280000, true, 30),
('note_less_nursing_microbiology_free_pdf', 'less_nursing_microbiology_free', 'nursing', 'sub_nursing_microbiology', 'notes', 'Nursing Preparation Microbiology - Revision Handout (Free).pdf', 'https://www.w3.org/WAI/ER/tests/xhtml/testfiles/resources/pdf/dummy.pdf', 154000, false, 0),
('note_less_nursing_microbiology_premium_pdf', 'less_nursing_microbiology_premium', 'nursing', 'sub_nursing_microbiology', 'notes', 'Nursing Preparation Microbiology - Premium Chapter Key (Locked).pdf', 'https://www.w3.org/WAI/ER/tests/xhtml/testfiles/resources/pdf/dummy.pdf', 280000, true, 30)
ON CONFLICT (id) DO UPDATE SET "lessonId" = EXCLUDED."lessonId", "classId" = EXCLUDED."classId", "subjectId" = EXCLUDED."subjectId", type = EXCLUDED.type, title = EXCLUDED.title, "pdfUrl" = EXCLUDED."pdfUrl", "sizeBytes" = EXCLUDED."sizeBytes", "isPremium" = EXCLUDED."isPremium", price = EXCLUDED.price;

-- 9. Seed Quizzes
INSERT INTO public.quizzes (id, "lessonId", title, "passingScorePct", "timerSeconds")
VALUES
('quiz_c6_generalscience', 'less_c6_generalscience_free', 'Class 6 General Science - Unit Test', 60, 600),
('quiz_c6_generalmathematics', 'less_c6_generalmathematics_free', 'Class 6 General Mathematics - Unit Test', 60, 600),
('quiz_c6_english', 'less_c6_english_free', 'Class 6 English - Unit Test', 60, 600),
('quiz_c7_generalscience', 'less_c7_generalscience_free', 'Class 7 General Science - Unit Test', 60, 600),
('quiz_c7_generalmathematics', 'less_c7_generalmathematics_free', 'Class 7 General Mathematics - Unit Test', 60, 600),
('quiz_c7_english', 'less_c7_english_free', 'Class 7 English - Unit Test', 60, 600),
('quiz_c8_generalscience', 'less_c8_generalscience_free', 'Class 8 General Science - Unit Test', 60, 600),
('quiz_c8_generalmathematics', 'less_c8_generalmathematics_free', 'Class 8 General Mathematics - Unit Test', 60, 600),
('quiz_c8_english', 'less_c8_english_free', 'Class 8 English - Unit Test', 60, 600),
('quiz_c9_generalscience', 'less_c9_generalscience_free', 'Class 9 General Science - Unit Test', 60, 600),
('quiz_c9_generalmathematics', 'less_c9_generalmathematics_free', 'Class 9 General Mathematics - Unit Test', 60, 600),
('quiz_c9_english', 'less_c9_english_free', 'Class 9 English - Unit Test', 60, 600),
('quiz_c10_generalscience', 'less_c10_generalscience_free', 'Class 10 General Science - Unit Test', 60, 600),
('quiz_c10_generalmathematics', 'less_c10_generalmathematics_free', 'Class 10 General Mathematics - Unit Test', 60, 600),
('quiz_c10_english', 'less_c10_english_free', 'Class 10 English - Unit Test', 60, 600),
('quiz_c11_sci_physics', 'less_c11_sci_physics_free', 'Class 11 Science Physics - Unit Test', 60, 600),
('quiz_c11_sci_chemistry', 'less_c11_sci_chemistry_free', 'Class 11 Science Chemistry - Unit Test', 60, 600),
('quiz_c11_sci_biology', 'less_c11_sci_biology_free', 'Class 11 Science Biology - Unit Test', 60, 600),
('quiz_c12_sci_physics', 'less_c12_sci_physics_free', 'Class 12 Science Physics - Unit Test', 60, 600),
('quiz_c12_sci_chemistry', 'less_c12_sci_chemistry_free', 'Class 12 Science Chemistry - Unit Test', 60, 600),
('quiz_c12_sci_biology', 'less_c12_sci_biology_free', 'Class 12 Science Biology - Unit Test', 60, 600),
('quiz_neet_biology', 'less_neet_biology_free', 'NEET (Biology & Chemistry) Biology - Unit Test', 60, 600),
('quiz_neet_chemistry', 'less_neet_chemistry_free', 'NEET (Biology & Chemistry) Chemistry - Unit Test', 60, 600),
('quiz_bpharm_pharmaceutics', 'less_bpharm_pharmaceutics_free', 'B.Pharm Preparation Pharmaceutics - Unit Test', 60, 600),
('quiz_bpharm_pharmaceuticalchemistry', 'less_bpharm_pharmaceuticalchemistry_free', 'B.Pharm Preparation Pharmaceutical Chemistry - Unit Test', 60, 600),
('quiz_bpharm_pharmacognosy', 'less_bpharm_pharmacognosy_free', 'B.Pharm Preparation Pharmacognosy - Unit Test', 60, 600),
('quiz_nursing_anatomyphysiology', 'less_nursing_anatomyphysiology_free', 'Nursing Preparation Anatomy & Physiology - Unit Test', 60, 600),
('quiz_nursing_nursingfoundations', 'less_nursing_nursingfoundations_free', 'Nursing Preparation Nursing Foundations - Unit Test', 60, 600),
('quiz_nursing_microbiology', 'less_nursing_microbiology_free', 'Nursing Preparation Microbiology - Unit Test', 60, 600)
ON CONFLICT (id) DO UPDATE SET "lessonId" = EXCLUDED."lessonId", title = EXCLUDED.title, "passingScorePct" = EXCLUDED."passingScorePct", "timerSeconds" = EXCLUDED."timerSeconds";

-- 10. Seed Quiz Questions
INSERT INTO public.quiz_questions (id, "quizId", "questionText", "orderIndex")
VALUES
('q_quiz_c6_generalscience_1', 'quiz_c6_generalscience', 'Which of the following represents the most accurate scientific formulation regarding fundamental postulates in Class 6 General Science?', 1),
('q_quiz_c6_generalscience_2', 'quiz_c6_generalscience', 'Which of the following represents the most accurate scientific formulation regarding mathematical calculations in Class 6 General Science?', 2),
('q_quiz_c6_generalscience_3', 'quiz_c6_generalscience', 'Which of the following represents the most accurate scientific formulation regarding practical formulations in Class 6 General Science?', 3),
('q_quiz_c6_generalscience_4', 'quiz_c6_generalscience', 'Which of the following represents the most accurate scientific formulation regarding standard classifications in Class 6 General Science?', 4),
('q_quiz_c6_generalscience_5', 'quiz_c6_generalscience', 'Which of the following represents the most accurate scientific formulation regarding conceptual diagnostics in Class 6 General Science?', 5),
('q_quiz_c6_generalmathematics_1', 'quiz_c6_generalmathematics', 'Which of the following represents the most accurate scientific formulation regarding fundamental postulates in Class 6 General Mathematics?', 1),
('q_quiz_c6_generalmathematics_2', 'quiz_c6_generalmathematics', 'Which of the following represents the most accurate scientific formulation regarding mathematical calculations in Class 6 General Mathematics?', 2),
('q_quiz_c6_generalmathematics_3', 'quiz_c6_generalmathematics', 'Which of the following represents the most accurate scientific formulation regarding practical formulations in Class 6 General Mathematics?', 3),
('q_quiz_c6_generalmathematics_4', 'quiz_c6_generalmathematics', 'Which of the following represents the most accurate scientific formulation regarding standard classifications in Class 6 General Mathematics?', 4),
('q_quiz_c6_generalmathematics_5', 'quiz_c6_generalmathematics', 'Which of the following represents the most accurate scientific formulation regarding conceptual diagnostics in Class 6 General Mathematics?', 5),
('q_quiz_c6_english_1', 'quiz_c6_english', 'Which of the following represents the most accurate scientific formulation regarding fundamental postulates in Class 6 English?', 1),
('q_quiz_c6_english_2', 'quiz_c6_english', 'Which of the following represents the most accurate scientific formulation regarding mathematical calculations in Class 6 English?', 2),
('q_quiz_c6_english_3', 'quiz_c6_english', 'Which of the following represents the most accurate scientific formulation regarding practical formulations in Class 6 English?', 3),
('q_quiz_c6_english_4', 'quiz_c6_english', 'Which of the following represents the most accurate scientific formulation regarding standard classifications in Class 6 English?', 4),
('q_quiz_c6_english_5', 'quiz_c6_english', 'Which of the following represents the most accurate scientific formulation regarding conceptual diagnostics in Class 6 English?', 5),
('q_quiz_c7_generalscience_1', 'quiz_c7_generalscience', 'Which of the following represents the most accurate scientific formulation regarding fundamental postulates in Class 7 General Science?', 1),
('q_quiz_c7_generalscience_2', 'quiz_c7_generalscience', 'Which of the following represents the most accurate scientific formulation regarding mathematical calculations in Class 7 General Science?', 2),
('q_quiz_c7_generalscience_3', 'quiz_c7_generalscience', 'Which of the following represents the most accurate scientific formulation regarding practical formulations in Class 7 General Science?', 3),
('q_quiz_c7_generalscience_4', 'quiz_c7_generalscience', 'Which of the following represents the most accurate scientific formulation regarding standard classifications in Class 7 General Science?', 4),
('q_quiz_c7_generalscience_5', 'quiz_c7_generalscience', 'Which of the following represents the most accurate scientific formulation regarding conceptual diagnostics in Class 7 General Science?', 5),
('q_quiz_c7_generalmathematics_1', 'quiz_c7_generalmathematics', 'Which of the following represents the most accurate scientific formulation regarding fundamental postulates in Class 7 General Mathematics?', 1),
('q_quiz_c7_generalmathematics_2', 'quiz_c7_generalmathematics', 'Which of the following represents the most accurate scientific formulation regarding mathematical calculations in Class 7 General Mathematics?', 2),
('q_quiz_c7_generalmathematics_3', 'quiz_c7_generalmathematics', 'Which of the following represents the most accurate scientific formulation regarding practical formulations in Class 7 General Mathematics?', 3),
('q_quiz_c7_generalmathematics_4', 'quiz_c7_generalmathematics', 'Which of the following represents the most accurate scientific formulation regarding standard classifications in Class 7 General Mathematics?', 4),
('q_quiz_c7_generalmathematics_5', 'quiz_c7_generalmathematics', 'Which of the following represents the most accurate scientific formulation regarding conceptual diagnostics in Class 7 General Mathematics?', 5),
('q_quiz_c7_english_1', 'quiz_c7_english', 'Which of the following represents the most accurate scientific formulation regarding fundamental postulates in Class 7 English?', 1),
('q_quiz_c7_english_2', 'quiz_c7_english', 'Which of the following represents the most accurate scientific formulation regarding mathematical calculations in Class 7 English?', 2),
('q_quiz_c7_english_3', 'quiz_c7_english', 'Which of the following represents the most accurate scientific formulation regarding practical formulations in Class 7 English?', 3),
('q_quiz_c7_english_4', 'quiz_c7_english', 'Which of the following represents the most accurate scientific formulation regarding standard classifications in Class 7 English?', 4),
('q_quiz_c7_english_5', 'quiz_c7_english', 'Which of the following represents the most accurate scientific formulation regarding conceptual diagnostics in Class 7 English?', 5),
('q_quiz_c8_generalscience_1', 'quiz_c8_generalscience', 'Which of the following represents the most accurate scientific formulation regarding fundamental postulates in Class 8 General Science?', 1),
('q_quiz_c8_generalscience_2', 'quiz_c8_generalscience', 'Which of the following represents the most accurate scientific formulation regarding mathematical calculations in Class 8 General Science?', 2),
('q_quiz_c8_generalscience_3', 'quiz_c8_generalscience', 'Which of the following represents the most accurate scientific formulation regarding practical formulations in Class 8 General Science?', 3),
('q_quiz_c8_generalscience_4', 'quiz_c8_generalscience', 'Which of the following represents the most accurate scientific formulation regarding standard classifications in Class 8 General Science?', 4),
('q_quiz_c8_generalscience_5', 'quiz_c8_generalscience', 'Which of the following represents the most accurate scientific formulation regarding conceptual diagnostics in Class 8 General Science?', 5),
('q_quiz_c8_generalmathematics_1', 'quiz_c8_generalmathematics', 'Which of the following represents the most accurate scientific formulation regarding fundamental postulates in Class 8 General Mathematics?', 1),
('q_quiz_c8_generalmathematics_2', 'quiz_c8_generalmathematics', 'Which of the following represents the most accurate scientific formulation regarding mathematical calculations in Class 8 General Mathematics?', 2),
('q_quiz_c8_generalmathematics_3', 'quiz_c8_generalmathematics', 'Which of the following represents the most accurate scientific formulation regarding practical formulations in Class 8 General Mathematics?', 3),
('q_quiz_c8_generalmathematics_4', 'quiz_c8_generalmathematics', 'Which of the following represents the most accurate scientific formulation regarding standard classifications in Class 8 General Mathematics?', 4),
('q_quiz_c8_generalmathematics_5', 'quiz_c8_generalmathematics', 'Which of the following represents the most accurate scientific formulation regarding conceptual diagnostics in Class 8 General Mathematics?', 5),
('q_quiz_c8_english_1', 'quiz_c8_english', 'Which of the following represents the most accurate scientific formulation regarding fundamental postulates in Class 8 English?', 1),
('q_quiz_c8_english_2', 'quiz_c8_english', 'Which of the following represents the most accurate scientific formulation regarding mathematical calculations in Class 8 English?', 2),
('q_quiz_c8_english_3', 'quiz_c8_english', 'Which of the following represents the most accurate scientific formulation regarding practical formulations in Class 8 English?', 3),
('q_quiz_c8_english_4', 'quiz_c8_english', 'Which of the following represents the most accurate scientific formulation regarding standard classifications in Class 8 English?', 4),
('q_quiz_c8_english_5', 'quiz_c8_english', 'Which of the following represents the most accurate scientific formulation regarding conceptual diagnostics in Class 8 English?', 5),
('q_quiz_c9_generalscience_1', 'quiz_c9_generalscience', 'Which of the following represents the most accurate scientific formulation regarding fundamental postulates in Class 9 General Science?', 1),
('q_quiz_c9_generalscience_2', 'quiz_c9_generalscience', 'Which of the following represents the most accurate scientific formulation regarding mathematical calculations in Class 9 General Science?', 2),
('q_quiz_c9_generalscience_3', 'quiz_c9_generalscience', 'Which of the following represents the most accurate scientific formulation regarding practical formulations in Class 9 General Science?', 3),
('q_quiz_c9_generalscience_4', 'quiz_c9_generalscience', 'Which of the following represents the most accurate scientific formulation regarding standard classifications in Class 9 General Science?', 4),
('q_quiz_c9_generalscience_5', 'quiz_c9_generalscience', 'Which of the following represents the most accurate scientific formulation regarding conceptual diagnostics in Class 9 General Science?', 5),
('q_quiz_c9_generalmathematics_1', 'quiz_c9_generalmathematics', 'Which of the following represents the most accurate scientific formulation regarding fundamental postulates in Class 9 General Mathematics?', 1),
('q_quiz_c9_generalmathematics_2', 'quiz_c9_generalmathematics', 'Which of the following represents the most accurate scientific formulation regarding mathematical calculations in Class 9 General Mathematics?', 2),
('q_quiz_c9_generalmathematics_3', 'quiz_c9_generalmathematics', 'Which of the following represents the most accurate scientific formulation regarding practical formulations in Class 9 General Mathematics?', 3),
('q_quiz_c9_generalmathematics_4', 'quiz_c9_generalmathematics', 'Which of the following represents the most accurate scientific formulation regarding standard classifications in Class 9 General Mathematics?', 4),
('q_quiz_c9_generalmathematics_5', 'quiz_c9_generalmathematics', 'Which of the following represents the most accurate scientific formulation regarding conceptual diagnostics in Class 9 General Mathematics?', 5),
('q_quiz_c9_english_1', 'quiz_c9_english', 'Which of the following represents the most accurate scientific formulation regarding fundamental postulates in Class 9 English?', 1),
('q_quiz_c9_english_2', 'quiz_c9_english', 'Which of the following represents the most accurate scientific formulation regarding mathematical calculations in Class 9 English?', 2),
('q_quiz_c9_english_3', 'quiz_c9_english', 'Which of the following represents the most accurate scientific formulation regarding practical formulations in Class 9 English?', 3),
('q_quiz_c9_english_4', 'quiz_c9_english', 'Which of the following represents the most accurate scientific formulation regarding standard classifications in Class 9 English?', 4),
('q_quiz_c9_english_5', 'quiz_c9_english', 'Which of the following represents the most accurate scientific formulation regarding conceptual diagnostics in Class 9 English?', 5),
('q_quiz_c10_generalscience_1', 'quiz_c10_generalscience', 'Which of the following represents the most accurate scientific formulation regarding fundamental postulates in Class 10 General Science?', 1),
('q_quiz_c10_generalscience_2', 'quiz_c10_generalscience', 'Which of the following represents the most accurate scientific formulation regarding mathematical calculations in Class 10 General Science?', 2),
('q_quiz_c10_generalscience_3', 'quiz_c10_generalscience', 'Which of the following represents the most accurate scientific formulation regarding practical formulations in Class 10 General Science?', 3),
('q_quiz_c10_generalscience_4', 'quiz_c10_generalscience', 'Which of the following represents the most accurate scientific formulation regarding standard classifications in Class 10 General Science?', 4),
('q_quiz_c10_generalscience_5', 'quiz_c10_generalscience', 'Which of the following represents the most accurate scientific formulation regarding conceptual diagnostics in Class 10 General Science?', 5),
('q_quiz_c10_generalmathematics_1', 'quiz_c10_generalmathematics', 'Which of the following represents the most accurate scientific formulation regarding fundamental postulates in Class 10 General Mathematics?', 1),
('q_quiz_c10_generalmathematics_2', 'quiz_c10_generalmathematics', 'Which of the following represents the most accurate scientific formulation regarding mathematical calculations in Class 10 General Mathematics?', 2),
('q_quiz_c10_generalmathematics_3', 'quiz_c10_generalmathematics', 'Which of the following represents the most accurate scientific formulation regarding practical formulations in Class 10 General Mathematics?', 3),
('q_quiz_c10_generalmathematics_4', 'quiz_c10_generalmathematics', 'Which of the following represents the most accurate scientific formulation regarding standard classifications in Class 10 General Mathematics?', 4),
('q_quiz_c10_generalmathematics_5', 'quiz_c10_generalmathematics', 'Which of the following represents the most accurate scientific formulation regarding conceptual diagnostics in Class 10 General Mathematics?', 5),
('q_quiz_c10_english_1', 'quiz_c10_english', 'Which of the following represents the most accurate scientific formulation regarding fundamental postulates in Class 10 English?', 1),
('q_quiz_c10_english_2', 'quiz_c10_english', 'Which of the following represents the most accurate scientific formulation regarding mathematical calculations in Class 10 English?', 2),
('q_quiz_c10_english_3', 'quiz_c10_english', 'Which of the following represents the most accurate scientific formulation regarding practical formulations in Class 10 English?', 3),
('q_quiz_c10_english_4', 'quiz_c10_english', 'Which of the following represents the most accurate scientific formulation regarding standard classifications in Class 10 English?', 4),
('q_quiz_c10_english_5', 'quiz_c10_english', 'Which of the following represents the most accurate scientific formulation regarding conceptual diagnostics in Class 10 English?', 5),
('q_quiz_c11_sci_physics_1', 'quiz_c11_sci_physics', 'Which of the following represents the most accurate scientific formulation regarding fundamental postulates in Class 11 Science Physics?', 1),
('q_quiz_c11_sci_physics_2', 'quiz_c11_sci_physics', 'Which of the following represents the most accurate scientific formulation regarding mathematical calculations in Class 11 Science Physics?', 2),
('q_quiz_c11_sci_physics_3', 'quiz_c11_sci_physics', 'Which of the following represents the most accurate scientific formulation regarding practical formulations in Class 11 Science Physics?', 3),
('q_quiz_c11_sci_physics_4', 'quiz_c11_sci_physics', 'Which of the following represents the most accurate scientific formulation regarding standard classifications in Class 11 Science Physics?', 4),
('q_quiz_c11_sci_physics_5', 'quiz_c11_sci_physics', 'Which of the following represents the most accurate scientific formulation regarding conceptual diagnostics in Class 11 Science Physics?', 5),
('q_quiz_c11_sci_chemistry_1', 'quiz_c11_sci_chemistry', 'Which of the following represents the most accurate scientific formulation regarding fundamental postulates in Class 11 Science Chemistry?', 1),
('q_quiz_c11_sci_chemistry_2', 'quiz_c11_sci_chemistry', 'Which of the following represents the most accurate scientific formulation regarding mathematical calculations in Class 11 Science Chemistry?', 2),
('q_quiz_c11_sci_chemistry_3', 'quiz_c11_sci_chemistry', 'Which of the following represents the most accurate scientific formulation regarding practical formulations in Class 11 Science Chemistry?', 3),
('q_quiz_c11_sci_chemistry_4', 'quiz_c11_sci_chemistry', 'Which of the following represents the most accurate scientific formulation regarding standard classifications in Class 11 Science Chemistry?', 4),
('q_quiz_c11_sci_chemistry_5', 'quiz_c11_sci_chemistry', 'Which of the following represents the most accurate scientific formulation regarding conceptual diagnostics in Class 11 Science Chemistry?', 5),
('q_quiz_c11_sci_biology_1', 'quiz_c11_sci_biology', 'Which of the following represents the most accurate scientific formulation regarding fundamental postulates in Class 11 Science Biology?', 1),
('q_quiz_c11_sci_biology_2', 'quiz_c11_sci_biology', 'Which of the following represents the most accurate scientific formulation regarding mathematical calculations in Class 11 Science Biology?', 2),
('q_quiz_c11_sci_biology_3', 'quiz_c11_sci_biology', 'Which of the following represents the most accurate scientific formulation regarding practical formulations in Class 11 Science Biology?', 3),
('q_quiz_c11_sci_biology_4', 'quiz_c11_sci_biology', 'Which of the following represents the most accurate scientific formulation regarding standard classifications in Class 11 Science Biology?', 4),
('q_quiz_c11_sci_biology_5', 'quiz_c11_sci_biology', 'Which of the following represents the most accurate scientific formulation regarding conceptual diagnostics in Class 11 Science Biology?', 5),
('q_quiz_c12_sci_physics_1', 'quiz_c12_sci_physics', 'Which of the following represents the most accurate scientific formulation regarding fundamental postulates in Class 12 Science Physics?', 1),
('q_quiz_c12_sci_physics_2', 'quiz_c12_sci_physics', 'Which of the following represents the most accurate scientific formulation regarding mathematical calculations in Class 12 Science Physics?', 2),
('q_quiz_c12_sci_physics_3', 'quiz_c12_sci_physics', 'Which of the following represents the most accurate scientific formulation regarding practical formulations in Class 12 Science Physics?', 3),
('q_quiz_c12_sci_physics_4', 'quiz_c12_sci_physics', 'Which of the following represents the most accurate scientific formulation regarding standard classifications in Class 12 Science Physics?', 4),
('q_quiz_c12_sci_physics_5', 'quiz_c12_sci_physics', 'Which of the following represents the most accurate scientific formulation regarding conceptual diagnostics in Class 12 Science Physics?', 5),
('q_quiz_c12_sci_chemistry_1', 'quiz_c12_sci_chemistry', 'Which of the following represents the most accurate scientific formulation regarding fundamental postulates in Class 12 Science Chemistry?', 1),
('q_quiz_c12_sci_chemistry_2', 'quiz_c12_sci_chemistry', 'Which of the following represents the most accurate scientific formulation regarding mathematical calculations in Class 12 Science Chemistry?', 2),
('q_quiz_c12_sci_chemistry_3', 'quiz_c12_sci_chemistry', 'Which of the following represents the most accurate scientific formulation regarding practical formulations in Class 12 Science Chemistry?', 3),
('q_quiz_c12_sci_chemistry_4', 'quiz_c12_sci_chemistry', 'Which of the following represents the most accurate scientific formulation regarding standard classifications in Class 12 Science Chemistry?', 4),
('q_quiz_c12_sci_chemistry_5', 'quiz_c12_sci_chemistry', 'Which of the following represents the most accurate scientific formulation regarding conceptual diagnostics in Class 12 Science Chemistry?', 5),
('q_quiz_c12_sci_biology_1', 'quiz_c12_sci_biology', 'Which of the following represents the most accurate scientific formulation regarding fundamental postulates in Class 12 Science Biology?', 1),
('q_quiz_c12_sci_biology_2', 'quiz_c12_sci_biology', 'Which of the following represents the most accurate scientific formulation regarding mathematical calculations in Class 12 Science Biology?', 2),
('q_quiz_c12_sci_biology_3', 'quiz_c12_sci_biology', 'Which of the following represents the most accurate scientific formulation regarding practical formulations in Class 12 Science Biology?', 3),
('q_quiz_c12_sci_biology_4', 'quiz_c12_sci_biology', 'Which of the following represents the most accurate scientific formulation regarding standard classifications in Class 12 Science Biology?', 4),
('q_quiz_c12_sci_biology_5', 'quiz_c12_sci_biology', 'Which of the following represents the most accurate scientific formulation regarding conceptual diagnostics in Class 12 Science Biology?', 5),
('q_quiz_neet_biology_1', 'quiz_neet_biology', 'Which of the following represents the most accurate scientific formulation regarding fundamental postulates in NEET (Biology & Chemistry) Biology?', 1),
('q_quiz_neet_biology_2', 'quiz_neet_biology', 'Which of the following represents the most accurate scientific formulation regarding mathematical calculations in NEET (Biology & Chemistry) Biology?', 2),
('q_quiz_neet_biology_3', 'quiz_neet_biology', 'Which of the following represents the most accurate scientific formulation regarding practical formulations in NEET (Biology & Chemistry) Biology?', 3),
('q_quiz_neet_biology_4', 'quiz_neet_biology', 'Which of the following represents the most accurate scientific formulation regarding standard classifications in NEET (Biology & Chemistry) Biology?', 4),
('q_quiz_neet_biology_5', 'quiz_neet_biology', 'Which of the following represents the most accurate scientific formulation regarding conceptual diagnostics in NEET (Biology & Chemistry) Biology?', 5),
('q_quiz_neet_chemistry_1', 'quiz_neet_chemistry', 'Which of the following represents the most accurate scientific formulation regarding fundamental postulates in NEET (Biology & Chemistry) Chemistry?', 1),
('q_quiz_neet_chemistry_2', 'quiz_neet_chemistry', 'Which of the following represents the most accurate scientific formulation regarding mathematical calculations in NEET (Biology & Chemistry) Chemistry?', 2),
('q_quiz_neet_chemistry_3', 'quiz_neet_chemistry', 'Which of the following represents the most accurate scientific formulation regarding practical formulations in NEET (Biology & Chemistry) Chemistry?', 3),
('q_quiz_neet_chemistry_4', 'quiz_neet_chemistry', 'Which of the following represents the most accurate scientific formulation regarding standard classifications in NEET (Biology & Chemistry) Chemistry?', 4),
('q_quiz_neet_chemistry_5', 'quiz_neet_chemistry', 'Which of the following represents the most accurate scientific formulation regarding conceptual diagnostics in NEET (Biology & Chemistry) Chemistry?', 5),
('q_quiz_bpharm_pharmaceutics_1', 'quiz_bpharm_pharmaceutics', 'Which of the following represents the most accurate scientific formulation regarding fundamental postulates in B.Pharm Preparation Pharmaceutics?', 1),
('q_quiz_bpharm_pharmaceutics_2', 'quiz_bpharm_pharmaceutics', 'Which of the following represents the most accurate scientific formulation regarding mathematical calculations in B.Pharm Preparation Pharmaceutics?', 2),
('q_quiz_bpharm_pharmaceutics_3', 'quiz_bpharm_pharmaceutics', 'Which of the following represents the most accurate scientific formulation regarding practical formulations in B.Pharm Preparation Pharmaceutics?', 3),
('q_quiz_bpharm_pharmaceutics_4', 'quiz_bpharm_pharmaceutics', 'Which of the following represents the most accurate scientific formulation regarding standard classifications in B.Pharm Preparation Pharmaceutics?', 4),
('q_quiz_bpharm_pharmaceutics_5', 'quiz_bpharm_pharmaceutics', 'Which of the following represents the most accurate scientific formulation regarding conceptual diagnostics in B.Pharm Preparation Pharmaceutics?', 5),
('q_quiz_bpharm_pharmaceuticalchemistry_1', 'quiz_bpharm_pharmaceuticalchemistry', 'Which of the following represents the most accurate scientific formulation regarding fundamental postulates in B.Pharm Preparation Pharmaceutical Chemistry?', 1),
('q_quiz_bpharm_pharmaceuticalchemistry_2', 'quiz_bpharm_pharmaceuticalchemistry', 'Which of the following represents the most accurate scientific formulation regarding mathematical calculations in B.Pharm Preparation Pharmaceutical Chemistry?', 2),
('q_quiz_bpharm_pharmaceuticalchemistry_3', 'quiz_bpharm_pharmaceuticalchemistry', 'Which of the following represents the most accurate scientific formulation regarding practical formulations in B.Pharm Preparation Pharmaceutical Chemistry?', 3),
('q_quiz_bpharm_pharmaceuticalchemistry_4', 'quiz_bpharm_pharmaceuticalchemistry', 'Which of the following represents the most accurate scientific formulation regarding standard classifications in B.Pharm Preparation Pharmaceutical Chemistry?', 4),
('q_quiz_bpharm_pharmaceuticalchemistry_5', 'quiz_bpharm_pharmaceuticalchemistry', 'Which of the following represents the most accurate scientific formulation regarding conceptual diagnostics in B.Pharm Preparation Pharmaceutical Chemistry?', 5),
('q_quiz_bpharm_pharmacognosy_1', 'quiz_bpharm_pharmacognosy', 'Which of the following represents the most accurate scientific formulation regarding fundamental postulates in B.Pharm Preparation Pharmacognosy?', 1),
('q_quiz_bpharm_pharmacognosy_2', 'quiz_bpharm_pharmacognosy', 'Which of the following represents the most accurate scientific formulation regarding mathematical calculations in B.Pharm Preparation Pharmacognosy?', 2),
('q_quiz_bpharm_pharmacognosy_3', 'quiz_bpharm_pharmacognosy', 'Which of the following represents the most accurate scientific formulation regarding practical formulations in B.Pharm Preparation Pharmacognosy?', 3),
('q_quiz_bpharm_pharmacognosy_4', 'quiz_bpharm_pharmacognosy', 'Which of the following represents the most accurate scientific formulation regarding standard classifications in B.Pharm Preparation Pharmacognosy?', 4),
('q_quiz_bpharm_pharmacognosy_5', 'quiz_bpharm_pharmacognosy', 'Which of the following represents the most accurate scientific formulation regarding conceptual diagnostics in B.Pharm Preparation Pharmacognosy?', 5),
('q_quiz_nursing_anatomyphysiology_1', 'quiz_nursing_anatomyphysiology', 'Which of the following represents the most accurate scientific formulation regarding fundamental postulates in Nursing Preparation Anatomy & Physiology?', 1),
('q_quiz_nursing_anatomyphysiology_2', 'quiz_nursing_anatomyphysiology', 'Which of the following represents the most accurate scientific formulation regarding mathematical calculations in Nursing Preparation Anatomy & Physiology?', 2),
('q_quiz_nursing_anatomyphysiology_3', 'quiz_nursing_anatomyphysiology', 'Which of the following represents the most accurate scientific formulation regarding practical formulations in Nursing Preparation Anatomy & Physiology?', 3),
('q_quiz_nursing_anatomyphysiology_4', 'quiz_nursing_anatomyphysiology', 'Which of the following represents the most accurate scientific formulation regarding standard classifications in Nursing Preparation Anatomy & Physiology?', 4),
('q_quiz_nursing_anatomyphysiology_5', 'quiz_nursing_anatomyphysiology', 'Which of the following represents the most accurate scientific formulation regarding conceptual diagnostics in Nursing Preparation Anatomy & Physiology?', 5),
('q_quiz_nursing_nursingfoundations_1', 'quiz_nursing_nursingfoundations', 'Which of the following represents the most accurate scientific formulation regarding fundamental postulates in Nursing Preparation Nursing Foundations?', 1),
('q_quiz_nursing_nursingfoundations_2', 'quiz_nursing_nursingfoundations', 'Which of the following represents the most accurate scientific formulation regarding mathematical calculations in Nursing Preparation Nursing Foundations?', 2),
('q_quiz_nursing_nursingfoundations_3', 'quiz_nursing_nursingfoundations', 'Which of the following represents the most accurate scientific formulation regarding practical formulations in Nursing Preparation Nursing Foundations?', 3),
('q_quiz_nursing_nursingfoundations_4', 'quiz_nursing_nursingfoundations', 'Which of the following represents the most accurate scientific formulation regarding standard classifications in Nursing Preparation Nursing Foundations?', 4),
('q_quiz_nursing_nursingfoundations_5', 'quiz_nursing_nursingfoundations', 'Which of the following represents the most accurate scientific formulation regarding conceptual diagnostics in Nursing Preparation Nursing Foundations?', 5),
('q_quiz_nursing_microbiology_1', 'quiz_nursing_microbiology', 'Which of the following represents the most accurate scientific formulation regarding fundamental postulates in Nursing Preparation Microbiology?', 1),
('q_quiz_nursing_microbiology_2', 'quiz_nursing_microbiology', 'Which of the following represents the most accurate scientific formulation regarding mathematical calculations in Nursing Preparation Microbiology?', 2),
('q_quiz_nursing_microbiology_3', 'quiz_nursing_microbiology', 'Which of the following represents the most accurate scientific formulation regarding practical formulations in Nursing Preparation Microbiology?', 3),
('q_quiz_nursing_microbiology_4', 'quiz_nursing_microbiology', 'Which of the following represents the most accurate scientific formulation regarding standard classifications in Nursing Preparation Microbiology?', 4),
('q_quiz_nursing_microbiology_5', 'quiz_nursing_microbiology', 'Which of the following represents the most accurate scientific formulation regarding conceptual diagnostics in Nursing Preparation Microbiology?', 5)
ON CONFLICT (id) DO UPDATE SET "quizId" = EXCLUDED."quizId", "questionText" = EXCLUDED."questionText", "orderIndex" = EXCLUDED."orderIndex";

-- 11. Seed Quiz Options
INSERT INTO public.quiz_options (id, "questionId", "optionText", "isCorrect")
VALUES
('opt_q_quiz_c6_generalscience_1_a', 'q_quiz_c6_generalscience_1', 'Option A: Standard conceptual parameters for fundamental postulates (Correct Answer)', true),
('opt_q_quiz_c6_generalscience_1_b', 'q_quiz_c6_generalscience_1', 'Option B: Standard conceptual parameters for fundamental postulates', false),
('opt_q_quiz_c6_generalscience_1_c', 'q_quiz_c6_generalscience_1', 'Option C: Standard conceptual parameters for fundamental postulates', false),
('opt_q_quiz_c6_generalscience_1_d', 'q_quiz_c6_generalscience_1', 'Option D: Standard conceptual parameters for fundamental postulates', false),
('opt_q_quiz_c6_generalscience_2_a', 'q_quiz_c6_generalscience_2', 'Option A: Standard conceptual parameters for mathematical calculations', false),
('opt_q_quiz_c6_generalscience_2_b', 'q_quiz_c6_generalscience_2', 'Option B: Standard conceptual parameters for mathematical calculations', false),
('opt_q_quiz_c6_generalscience_2_c', 'q_quiz_c6_generalscience_2', 'Option C: Standard conceptual parameters for mathematical calculations', false),
('opt_q_quiz_c6_generalscience_2_d', 'q_quiz_c6_generalscience_2', 'Option D: Standard conceptual parameters for mathematical calculations (Correct Answer)', true),
('opt_q_quiz_c6_generalscience_3_a', 'q_quiz_c6_generalscience_3', 'Option A: Standard conceptual parameters for practical formulations', false),
('opt_q_quiz_c6_generalscience_3_b', 'q_quiz_c6_generalscience_3', 'Option B: Standard conceptual parameters for practical formulations', false),
('opt_q_quiz_c6_generalscience_3_c', 'q_quiz_c6_generalscience_3', 'Option C: Standard conceptual parameters for practical formulations (Correct Answer)', true),
('opt_q_quiz_c6_generalscience_3_d', 'q_quiz_c6_generalscience_3', 'Option D: Standard conceptual parameters for practical formulations', false),
('opt_q_quiz_c6_generalscience_4_a', 'q_quiz_c6_generalscience_4', 'Option A: Standard conceptual parameters for standard classifications', false),
('opt_q_quiz_c6_generalscience_4_b', 'q_quiz_c6_generalscience_4', 'Option B: Standard conceptual parameters for standard classifications (Correct Answer)', true),
('opt_q_quiz_c6_generalscience_4_c', 'q_quiz_c6_generalscience_4', 'Option C: Standard conceptual parameters for standard classifications', false),
('opt_q_quiz_c6_generalscience_4_d', 'q_quiz_c6_generalscience_4', 'Option D: Standard conceptual parameters for standard classifications', false),
('opt_q_quiz_c6_generalscience_5_a', 'q_quiz_c6_generalscience_5', 'Option A: Standard conceptual parameters for conceptual diagnostics (Correct Answer)', true),
('opt_q_quiz_c6_generalscience_5_b', 'q_quiz_c6_generalscience_5', 'Option B: Standard conceptual parameters for conceptual diagnostics', false),
('opt_q_quiz_c6_generalscience_5_c', 'q_quiz_c6_generalscience_5', 'Option C: Standard conceptual parameters for conceptual diagnostics', false),
('opt_q_quiz_c6_generalscience_5_d', 'q_quiz_c6_generalscience_5', 'Option D: Standard conceptual parameters for conceptual diagnostics', false),
('opt_q_quiz_c6_generalmathematics_1_a', 'q_quiz_c6_generalmathematics_1', 'Option A: Standard conceptual parameters for fundamental postulates (Correct Answer)', true),
('opt_q_quiz_c6_generalmathematics_1_b', 'q_quiz_c6_generalmathematics_1', 'Option B: Standard conceptual parameters for fundamental postulates', false),
('opt_q_quiz_c6_generalmathematics_1_c', 'q_quiz_c6_generalmathematics_1', 'Option C: Standard conceptual parameters for fundamental postulates', false),
('opt_q_quiz_c6_generalmathematics_1_d', 'q_quiz_c6_generalmathematics_1', 'Option D: Standard conceptual parameters for fundamental postulates', false),
('opt_q_quiz_c6_generalmathematics_2_a', 'q_quiz_c6_generalmathematics_2', 'Option A: Standard conceptual parameters for mathematical calculations', false),
('opt_q_quiz_c6_generalmathematics_2_b', 'q_quiz_c6_generalmathematics_2', 'Option B: Standard conceptual parameters for mathematical calculations', false),
('opt_q_quiz_c6_generalmathematics_2_c', 'q_quiz_c6_generalmathematics_2', 'Option C: Standard conceptual parameters for mathematical calculations', false),
('opt_q_quiz_c6_generalmathematics_2_d', 'q_quiz_c6_generalmathematics_2', 'Option D: Standard conceptual parameters for mathematical calculations (Correct Answer)', true),
('opt_q_quiz_c6_generalmathematics_3_a', 'q_quiz_c6_generalmathematics_3', 'Option A: Standard conceptual parameters for practical formulations', false),
('opt_q_quiz_c6_generalmathematics_3_b', 'q_quiz_c6_generalmathematics_3', 'Option B: Standard conceptual parameters for practical formulations', false),
('opt_q_quiz_c6_generalmathematics_3_c', 'q_quiz_c6_generalmathematics_3', 'Option C: Standard conceptual parameters for practical formulations (Correct Answer)', true),
('opt_q_quiz_c6_generalmathematics_3_d', 'q_quiz_c6_generalmathematics_3', 'Option D: Standard conceptual parameters for practical formulations', false),
('opt_q_quiz_c6_generalmathematics_4_a', 'q_quiz_c6_generalmathematics_4', 'Option A: Standard conceptual parameters for standard classifications', false),
('opt_q_quiz_c6_generalmathematics_4_b', 'q_quiz_c6_generalmathematics_4', 'Option B: Standard conceptual parameters for standard classifications (Correct Answer)', true),
('opt_q_quiz_c6_generalmathematics_4_c', 'q_quiz_c6_generalmathematics_4', 'Option C: Standard conceptual parameters for standard classifications', false),
('opt_q_quiz_c6_generalmathematics_4_d', 'q_quiz_c6_generalmathematics_4', 'Option D: Standard conceptual parameters for standard classifications', false),
('opt_q_quiz_c6_generalmathematics_5_a', 'q_quiz_c6_generalmathematics_5', 'Option A: Standard conceptual parameters for conceptual diagnostics (Correct Answer)', true),
('opt_q_quiz_c6_generalmathematics_5_b', 'q_quiz_c6_generalmathematics_5', 'Option B: Standard conceptual parameters for conceptual diagnostics', false),
('opt_q_quiz_c6_generalmathematics_5_c', 'q_quiz_c6_generalmathematics_5', 'Option C: Standard conceptual parameters for conceptual diagnostics', false),
('opt_q_quiz_c6_generalmathematics_5_d', 'q_quiz_c6_generalmathematics_5', 'Option D: Standard conceptual parameters for conceptual diagnostics', false),
('opt_q_quiz_c6_english_1_a', 'q_quiz_c6_english_1', 'Option A: Standard conceptual parameters for fundamental postulates (Correct Answer)', true),
('opt_q_quiz_c6_english_1_b', 'q_quiz_c6_english_1', 'Option B: Standard conceptual parameters for fundamental postulates', false),
('opt_q_quiz_c6_english_1_c', 'q_quiz_c6_english_1', 'Option C: Standard conceptual parameters for fundamental postulates', false),
('opt_q_quiz_c6_english_1_d', 'q_quiz_c6_english_1', 'Option D: Standard conceptual parameters for fundamental postulates', false),
('opt_q_quiz_c6_english_2_a', 'q_quiz_c6_english_2', 'Option A: Standard conceptual parameters for mathematical calculations', false),
('opt_q_quiz_c6_english_2_b', 'q_quiz_c6_english_2', 'Option B: Standard conceptual parameters for mathematical calculations', false),
('opt_q_quiz_c6_english_2_c', 'q_quiz_c6_english_2', 'Option C: Standard conceptual parameters for mathematical calculations', false),
('opt_q_quiz_c6_english_2_d', 'q_quiz_c6_english_2', 'Option D: Standard conceptual parameters for mathematical calculations (Correct Answer)', true),
('opt_q_quiz_c6_english_3_a', 'q_quiz_c6_english_3', 'Option A: Standard conceptual parameters for practical formulations', false),
('opt_q_quiz_c6_english_3_b', 'q_quiz_c6_english_3', 'Option B: Standard conceptual parameters for practical formulations', false),
('opt_q_quiz_c6_english_3_c', 'q_quiz_c6_english_3', 'Option C: Standard conceptual parameters for practical formulations (Correct Answer)', true),
('opt_q_quiz_c6_english_3_d', 'q_quiz_c6_english_3', 'Option D: Standard conceptual parameters for practical formulations', false),
('opt_q_quiz_c6_english_4_a', 'q_quiz_c6_english_4', 'Option A: Standard conceptual parameters for standard classifications', false),
('opt_q_quiz_c6_english_4_b', 'q_quiz_c6_english_4', 'Option B: Standard conceptual parameters for standard classifications (Correct Answer)', true),
('opt_q_quiz_c6_english_4_c', 'q_quiz_c6_english_4', 'Option C: Standard conceptual parameters for standard classifications', false),
('opt_q_quiz_c6_english_4_d', 'q_quiz_c6_english_4', 'Option D: Standard conceptual parameters for standard classifications', false),
('opt_q_quiz_c6_english_5_a', 'q_quiz_c6_english_5', 'Option A: Standard conceptual parameters for conceptual diagnostics (Correct Answer)', true),
('opt_q_quiz_c6_english_5_b', 'q_quiz_c6_english_5', 'Option B: Standard conceptual parameters for conceptual diagnostics', false),
('opt_q_quiz_c6_english_5_c', 'q_quiz_c6_english_5', 'Option C: Standard conceptual parameters for conceptual diagnostics', false),
('opt_q_quiz_c6_english_5_d', 'q_quiz_c6_english_5', 'Option D: Standard conceptual parameters for conceptual diagnostics', false),
('opt_q_quiz_c7_generalscience_1_a', 'q_quiz_c7_generalscience_1', 'Option A: Standard conceptual parameters for fundamental postulates (Correct Answer)', true),
('opt_q_quiz_c7_generalscience_1_b', 'q_quiz_c7_generalscience_1', 'Option B: Standard conceptual parameters for fundamental postulates', false),
('opt_q_quiz_c7_generalscience_1_c', 'q_quiz_c7_generalscience_1', 'Option C: Standard conceptual parameters for fundamental postulates', false),
('opt_q_quiz_c7_generalscience_1_d', 'q_quiz_c7_generalscience_1', 'Option D: Standard conceptual parameters for fundamental postulates', false),
('opt_q_quiz_c7_generalscience_2_a', 'q_quiz_c7_generalscience_2', 'Option A: Standard conceptual parameters for mathematical calculations', false),
('opt_q_quiz_c7_generalscience_2_b', 'q_quiz_c7_generalscience_2', 'Option B: Standard conceptual parameters for mathematical calculations', false),
('opt_q_quiz_c7_generalscience_2_c', 'q_quiz_c7_generalscience_2', 'Option C: Standard conceptual parameters for mathematical calculations', false),
('opt_q_quiz_c7_generalscience_2_d', 'q_quiz_c7_generalscience_2', 'Option D: Standard conceptual parameters for mathematical calculations (Correct Answer)', true),
('opt_q_quiz_c7_generalscience_3_a', 'q_quiz_c7_generalscience_3', 'Option A: Standard conceptual parameters for practical formulations', false),
('opt_q_quiz_c7_generalscience_3_b', 'q_quiz_c7_generalscience_3', 'Option B: Standard conceptual parameters for practical formulations', false),
('opt_q_quiz_c7_generalscience_3_c', 'q_quiz_c7_generalscience_3', 'Option C: Standard conceptual parameters for practical formulations (Correct Answer)', true),
('opt_q_quiz_c7_generalscience_3_d', 'q_quiz_c7_generalscience_3', 'Option D: Standard conceptual parameters for practical formulations', false),
('opt_q_quiz_c7_generalscience_4_a', 'q_quiz_c7_generalscience_4', 'Option A: Standard conceptual parameters for standard classifications', false),
('opt_q_quiz_c7_generalscience_4_b', 'q_quiz_c7_generalscience_4', 'Option B: Standard conceptual parameters for standard classifications (Correct Answer)', true),
('opt_q_quiz_c7_generalscience_4_c', 'q_quiz_c7_generalscience_4', 'Option C: Standard conceptual parameters for standard classifications', false),
('opt_q_quiz_c7_generalscience_4_d', 'q_quiz_c7_generalscience_4', 'Option D: Standard conceptual parameters for standard classifications', false),
('opt_q_quiz_c7_generalscience_5_a', 'q_quiz_c7_generalscience_5', 'Option A: Standard conceptual parameters for conceptual diagnostics (Correct Answer)', true),
('opt_q_quiz_c7_generalscience_5_b', 'q_quiz_c7_generalscience_5', 'Option B: Standard conceptual parameters for conceptual diagnostics', false),
('opt_q_quiz_c7_generalscience_5_c', 'q_quiz_c7_generalscience_5', 'Option C: Standard conceptual parameters for conceptual diagnostics', false),
('opt_q_quiz_c7_generalscience_5_d', 'q_quiz_c7_generalscience_5', 'Option D: Standard conceptual parameters for conceptual diagnostics', false),
('opt_q_quiz_c7_generalmathematics_1_a', 'q_quiz_c7_generalmathematics_1', 'Option A: Standard conceptual parameters for fundamental postulates (Correct Answer)', true),
('opt_q_quiz_c7_generalmathematics_1_b', 'q_quiz_c7_generalmathematics_1', 'Option B: Standard conceptual parameters for fundamental postulates', false),
('opt_q_quiz_c7_generalmathematics_1_c', 'q_quiz_c7_generalmathematics_1', 'Option C: Standard conceptual parameters for fundamental postulates', false),
('opt_q_quiz_c7_generalmathematics_1_d', 'q_quiz_c7_generalmathematics_1', 'Option D: Standard conceptual parameters for fundamental postulates', false),
('opt_q_quiz_c7_generalmathematics_2_a', 'q_quiz_c7_generalmathematics_2', 'Option A: Standard conceptual parameters for mathematical calculations', false),
('opt_q_quiz_c7_generalmathematics_2_b', 'q_quiz_c7_generalmathematics_2', 'Option B: Standard conceptual parameters for mathematical calculations', false),
('opt_q_quiz_c7_generalmathematics_2_c', 'q_quiz_c7_generalmathematics_2', 'Option C: Standard conceptual parameters for mathematical calculations', false),
('opt_q_quiz_c7_generalmathematics_2_d', 'q_quiz_c7_generalmathematics_2', 'Option D: Standard conceptual parameters for mathematical calculations (Correct Answer)', true),
('opt_q_quiz_c7_generalmathematics_3_a', 'q_quiz_c7_generalmathematics_3', 'Option A: Standard conceptual parameters for practical formulations', false),
('opt_q_quiz_c7_generalmathematics_3_b', 'q_quiz_c7_generalmathematics_3', 'Option B: Standard conceptual parameters for practical formulations', false),
('opt_q_quiz_c7_generalmathematics_3_c', 'q_quiz_c7_generalmathematics_3', 'Option C: Standard conceptual parameters for practical formulations (Correct Answer)', true),
('opt_q_quiz_c7_generalmathematics_3_d', 'q_quiz_c7_generalmathematics_3', 'Option D: Standard conceptual parameters for practical formulations', false),
('opt_q_quiz_c7_generalmathematics_4_a', 'q_quiz_c7_generalmathematics_4', 'Option A: Standard conceptual parameters for standard classifications', false),
('opt_q_quiz_c7_generalmathematics_4_b', 'q_quiz_c7_generalmathematics_4', 'Option B: Standard conceptual parameters for standard classifications (Correct Answer)', true),
('opt_q_quiz_c7_generalmathematics_4_c', 'q_quiz_c7_generalmathematics_4', 'Option C: Standard conceptual parameters for standard classifications', false),
('opt_q_quiz_c7_generalmathematics_4_d', 'q_quiz_c7_generalmathematics_4', 'Option D: Standard conceptual parameters for standard classifications', false),
('opt_q_quiz_c7_generalmathematics_5_a', 'q_quiz_c7_generalmathematics_5', 'Option A: Standard conceptual parameters for conceptual diagnostics (Correct Answer)', true),
('opt_q_quiz_c7_generalmathematics_5_b', 'q_quiz_c7_generalmathematics_5', 'Option B: Standard conceptual parameters for conceptual diagnostics', false),
('opt_q_quiz_c7_generalmathematics_5_c', 'q_quiz_c7_generalmathematics_5', 'Option C: Standard conceptual parameters for conceptual diagnostics', false),
('opt_q_quiz_c7_generalmathematics_5_d', 'q_quiz_c7_generalmathematics_5', 'Option D: Standard conceptual parameters for conceptual diagnostics', false),
('opt_q_quiz_c7_english_1_a', 'q_quiz_c7_english_1', 'Option A: Standard conceptual parameters for fundamental postulates (Correct Answer)', true),
('opt_q_quiz_c7_english_1_b', 'q_quiz_c7_english_1', 'Option B: Standard conceptual parameters for fundamental postulates', false),
('opt_q_quiz_c7_english_1_c', 'q_quiz_c7_english_1', 'Option C: Standard conceptual parameters for fundamental postulates', false),
('opt_q_quiz_c7_english_1_d', 'q_quiz_c7_english_1', 'Option D: Standard conceptual parameters for fundamental postulates', false),
('opt_q_quiz_c7_english_2_a', 'q_quiz_c7_english_2', 'Option A: Standard conceptual parameters for mathematical calculations', false),
('opt_q_quiz_c7_english_2_b', 'q_quiz_c7_english_2', 'Option B: Standard conceptual parameters for mathematical calculations', false),
('opt_q_quiz_c7_english_2_c', 'q_quiz_c7_english_2', 'Option C: Standard conceptual parameters for mathematical calculations', false),
('opt_q_quiz_c7_english_2_d', 'q_quiz_c7_english_2', 'Option D: Standard conceptual parameters for mathematical calculations (Correct Answer)', true),
('opt_q_quiz_c7_english_3_a', 'q_quiz_c7_english_3', 'Option A: Standard conceptual parameters for practical formulations', false),
('opt_q_quiz_c7_english_3_b', 'q_quiz_c7_english_3', 'Option B: Standard conceptual parameters for practical formulations', false),
('opt_q_quiz_c7_english_3_c', 'q_quiz_c7_english_3', 'Option C: Standard conceptual parameters for practical formulations (Correct Answer)', true),
('opt_q_quiz_c7_english_3_d', 'q_quiz_c7_english_3', 'Option D: Standard conceptual parameters for practical formulations', false),
('opt_q_quiz_c7_english_4_a', 'q_quiz_c7_english_4', 'Option A: Standard conceptual parameters for standard classifications', false),
('opt_q_quiz_c7_english_4_b', 'q_quiz_c7_english_4', 'Option B: Standard conceptual parameters for standard classifications (Correct Answer)', true),
('opt_q_quiz_c7_english_4_c', 'q_quiz_c7_english_4', 'Option C: Standard conceptual parameters for standard classifications', false),
('opt_q_quiz_c7_english_4_d', 'q_quiz_c7_english_4', 'Option D: Standard conceptual parameters for standard classifications', false),
('opt_q_quiz_c7_english_5_a', 'q_quiz_c7_english_5', 'Option A: Standard conceptual parameters for conceptual diagnostics (Correct Answer)', true),
('opt_q_quiz_c7_english_5_b', 'q_quiz_c7_english_5', 'Option B: Standard conceptual parameters for conceptual diagnostics', false),
('opt_q_quiz_c7_english_5_c', 'q_quiz_c7_english_5', 'Option C: Standard conceptual parameters for conceptual diagnostics', false),
('opt_q_quiz_c7_english_5_d', 'q_quiz_c7_english_5', 'Option D: Standard conceptual parameters for conceptual diagnostics', false),
('opt_q_quiz_c8_generalscience_1_a', 'q_quiz_c8_generalscience_1', 'Option A: Standard conceptual parameters for fundamental postulates (Correct Answer)', true),
('opt_q_quiz_c8_generalscience_1_b', 'q_quiz_c8_generalscience_1', 'Option B: Standard conceptual parameters for fundamental postulates', false),
('opt_q_quiz_c8_generalscience_1_c', 'q_quiz_c8_generalscience_1', 'Option C: Standard conceptual parameters for fundamental postulates', false),
('opt_q_quiz_c8_generalscience_1_d', 'q_quiz_c8_generalscience_1', 'Option D: Standard conceptual parameters for fundamental postulates', false),
('opt_q_quiz_c8_generalscience_2_a', 'q_quiz_c8_generalscience_2', 'Option A: Standard conceptual parameters for mathematical calculations', false),
('opt_q_quiz_c8_generalscience_2_b', 'q_quiz_c8_generalscience_2', 'Option B: Standard conceptual parameters for mathematical calculations', false),
('opt_q_quiz_c8_generalscience_2_c', 'q_quiz_c8_generalscience_2', 'Option C: Standard conceptual parameters for mathematical calculations', false),
('opt_q_quiz_c8_generalscience_2_d', 'q_quiz_c8_generalscience_2', 'Option D: Standard conceptual parameters for mathematical calculations (Correct Answer)', true),
('opt_q_quiz_c8_generalscience_3_a', 'q_quiz_c8_generalscience_3', 'Option A: Standard conceptual parameters for practical formulations', false),
('opt_q_quiz_c8_generalscience_3_b', 'q_quiz_c8_generalscience_3', 'Option B: Standard conceptual parameters for practical formulations', false),
('opt_q_quiz_c8_generalscience_3_c', 'q_quiz_c8_generalscience_3', 'Option C: Standard conceptual parameters for practical formulations (Correct Answer)', true),
('opt_q_quiz_c8_generalscience_3_d', 'q_quiz_c8_generalscience_3', 'Option D: Standard conceptual parameters for practical formulations', false),
('opt_q_quiz_c8_generalscience_4_a', 'q_quiz_c8_generalscience_4', 'Option A: Standard conceptual parameters for standard classifications', false),
('opt_q_quiz_c8_generalscience_4_b', 'q_quiz_c8_generalscience_4', 'Option B: Standard conceptual parameters for standard classifications (Correct Answer)', true),
('opt_q_quiz_c8_generalscience_4_c', 'q_quiz_c8_generalscience_4', 'Option C: Standard conceptual parameters for standard classifications', false),
('opt_q_quiz_c8_generalscience_4_d', 'q_quiz_c8_generalscience_4', 'Option D: Standard conceptual parameters for standard classifications', false),
('opt_q_quiz_c8_generalscience_5_a', 'q_quiz_c8_generalscience_5', 'Option A: Standard conceptual parameters for conceptual diagnostics (Correct Answer)', true),
('opt_q_quiz_c8_generalscience_5_b', 'q_quiz_c8_generalscience_5', 'Option B: Standard conceptual parameters for conceptual diagnostics', false),
('opt_q_quiz_c8_generalscience_5_c', 'q_quiz_c8_generalscience_5', 'Option C: Standard conceptual parameters for conceptual diagnostics', false),
('opt_q_quiz_c8_generalscience_5_d', 'q_quiz_c8_generalscience_5', 'Option D: Standard conceptual parameters for conceptual diagnostics', false),
('opt_q_quiz_c8_generalmathematics_1_a', 'q_quiz_c8_generalmathematics_1', 'Option A: Standard conceptual parameters for fundamental postulates (Correct Answer)', true),
('opt_q_quiz_c8_generalmathematics_1_b', 'q_quiz_c8_generalmathematics_1', 'Option B: Standard conceptual parameters for fundamental postulates', false),
('opt_q_quiz_c8_generalmathematics_1_c', 'q_quiz_c8_generalmathematics_1', 'Option C: Standard conceptual parameters for fundamental postulates', false),
('opt_q_quiz_c8_generalmathematics_1_d', 'q_quiz_c8_generalmathematics_1', 'Option D: Standard conceptual parameters for fundamental postulates', false),
('opt_q_quiz_c8_generalmathematics_2_a', 'q_quiz_c8_generalmathematics_2', 'Option A: Standard conceptual parameters for mathematical calculations', false),
('opt_q_quiz_c8_generalmathematics_2_b', 'q_quiz_c8_generalmathematics_2', 'Option B: Standard conceptual parameters for mathematical calculations', false),
('opt_q_quiz_c8_generalmathematics_2_c', 'q_quiz_c8_generalmathematics_2', 'Option C: Standard conceptual parameters for mathematical calculations', false),
('opt_q_quiz_c8_generalmathematics_2_d', 'q_quiz_c8_generalmathematics_2', 'Option D: Standard conceptual parameters for mathematical calculations (Correct Answer)', true),
('opt_q_quiz_c8_generalmathematics_3_a', 'q_quiz_c8_generalmathematics_3', 'Option A: Standard conceptual parameters for practical formulations', false),
('opt_q_quiz_c8_generalmathematics_3_b', 'q_quiz_c8_generalmathematics_3', 'Option B: Standard conceptual parameters for practical formulations', false),
('opt_q_quiz_c8_generalmathematics_3_c', 'q_quiz_c8_generalmathematics_3', 'Option C: Standard conceptual parameters for practical formulations (Correct Answer)', true),
('opt_q_quiz_c8_generalmathematics_3_d', 'q_quiz_c8_generalmathematics_3', 'Option D: Standard conceptual parameters for practical formulations', false),
('opt_q_quiz_c8_generalmathematics_4_a', 'q_quiz_c8_generalmathematics_4', 'Option A: Standard conceptual parameters for standard classifications', false),
('opt_q_quiz_c8_generalmathematics_4_b', 'q_quiz_c8_generalmathematics_4', 'Option B: Standard conceptual parameters for standard classifications (Correct Answer)', true),
('opt_q_quiz_c8_generalmathematics_4_c', 'q_quiz_c8_generalmathematics_4', 'Option C: Standard conceptual parameters for standard classifications', false),
('opt_q_quiz_c8_generalmathematics_4_d', 'q_quiz_c8_generalmathematics_4', 'Option D: Standard conceptual parameters for standard classifications', false),
('opt_q_quiz_c8_generalmathematics_5_a', 'q_quiz_c8_generalmathematics_5', 'Option A: Standard conceptual parameters for conceptual diagnostics (Correct Answer)', true),
('opt_q_quiz_c8_generalmathematics_5_b', 'q_quiz_c8_generalmathematics_5', 'Option B: Standard conceptual parameters for conceptual diagnostics', false),
('opt_q_quiz_c8_generalmathematics_5_c', 'q_quiz_c8_generalmathematics_5', 'Option C: Standard conceptual parameters for conceptual diagnostics', false),
('opt_q_quiz_c8_generalmathematics_5_d', 'q_quiz_c8_generalmathematics_5', 'Option D: Standard conceptual parameters for conceptual diagnostics', false),
('opt_q_quiz_c8_english_1_a', 'q_quiz_c8_english_1', 'Option A: Standard conceptual parameters for fundamental postulates (Correct Answer)', true),
('opt_q_quiz_c8_english_1_b', 'q_quiz_c8_english_1', 'Option B: Standard conceptual parameters for fundamental postulates', false),
('opt_q_quiz_c8_english_1_c', 'q_quiz_c8_english_1', 'Option C: Standard conceptual parameters for fundamental postulates', false),
('opt_q_quiz_c8_english_1_d', 'q_quiz_c8_english_1', 'Option D: Standard conceptual parameters for fundamental postulates', false),
('opt_q_quiz_c8_english_2_a', 'q_quiz_c8_english_2', 'Option A: Standard conceptual parameters for mathematical calculations', false),
('opt_q_quiz_c8_english_2_b', 'q_quiz_c8_english_2', 'Option B: Standard conceptual parameters for mathematical calculations', false),
('opt_q_quiz_c8_english_2_c', 'q_quiz_c8_english_2', 'Option C: Standard conceptual parameters for mathematical calculations', false),
('opt_q_quiz_c8_english_2_d', 'q_quiz_c8_english_2', 'Option D: Standard conceptual parameters for mathematical calculations (Correct Answer)', true),
('opt_q_quiz_c8_english_3_a', 'q_quiz_c8_english_3', 'Option A: Standard conceptual parameters for practical formulations', false),
('opt_q_quiz_c8_english_3_b', 'q_quiz_c8_english_3', 'Option B: Standard conceptual parameters for practical formulations', false),
('opt_q_quiz_c8_english_3_c', 'q_quiz_c8_english_3', 'Option C: Standard conceptual parameters for practical formulations (Correct Answer)', true),
('opt_q_quiz_c8_english_3_d', 'q_quiz_c8_english_3', 'Option D: Standard conceptual parameters for practical formulations', false),
('opt_q_quiz_c8_english_4_a', 'q_quiz_c8_english_4', 'Option A: Standard conceptual parameters for standard classifications', false),
('opt_q_quiz_c8_english_4_b', 'q_quiz_c8_english_4', 'Option B: Standard conceptual parameters for standard classifications (Correct Answer)', true),
('opt_q_quiz_c8_english_4_c', 'q_quiz_c8_english_4', 'Option C: Standard conceptual parameters for standard classifications', false),
('opt_q_quiz_c8_english_4_d', 'q_quiz_c8_english_4', 'Option D: Standard conceptual parameters for standard classifications', false),
('opt_q_quiz_c8_english_5_a', 'q_quiz_c8_english_5', 'Option A: Standard conceptual parameters for conceptual diagnostics (Correct Answer)', true),
('opt_q_quiz_c8_english_5_b', 'q_quiz_c8_english_5', 'Option B: Standard conceptual parameters for conceptual diagnostics', false),
('opt_q_quiz_c8_english_5_c', 'q_quiz_c8_english_5', 'Option C: Standard conceptual parameters for conceptual diagnostics', false),
('opt_q_quiz_c8_english_5_d', 'q_quiz_c8_english_5', 'Option D: Standard conceptual parameters for conceptual diagnostics', false),
('opt_q_quiz_c9_generalscience_1_a', 'q_quiz_c9_generalscience_1', 'Option A: Standard conceptual parameters for fundamental postulates (Correct Answer)', true),
('opt_q_quiz_c9_generalscience_1_b', 'q_quiz_c9_generalscience_1', 'Option B: Standard conceptual parameters for fundamental postulates', false),
('opt_q_quiz_c9_generalscience_1_c', 'q_quiz_c9_generalscience_1', 'Option C: Standard conceptual parameters for fundamental postulates', false),
('opt_q_quiz_c9_generalscience_1_d', 'q_quiz_c9_generalscience_1', 'Option D: Standard conceptual parameters for fundamental postulates', false),
('opt_q_quiz_c9_generalscience_2_a', 'q_quiz_c9_generalscience_2', 'Option A: Standard conceptual parameters for mathematical calculations', false),
('opt_q_quiz_c9_generalscience_2_b', 'q_quiz_c9_generalscience_2', 'Option B: Standard conceptual parameters for mathematical calculations', false),
('opt_q_quiz_c9_generalscience_2_c', 'q_quiz_c9_generalscience_2', 'Option C: Standard conceptual parameters for mathematical calculations', false),
('opt_q_quiz_c9_generalscience_2_d', 'q_quiz_c9_generalscience_2', 'Option D: Standard conceptual parameters for mathematical calculations (Correct Answer)', true),
('opt_q_quiz_c9_generalscience_3_a', 'q_quiz_c9_generalscience_3', 'Option A: Standard conceptual parameters for practical formulations', false),
('opt_q_quiz_c9_generalscience_3_b', 'q_quiz_c9_generalscience_3', 'Option B: Standard conceptual parameters for practical formulations', false),
('opt_q_quiz_c9_generalscience_3_c', 'q_quiz_c9_generalscience_3', 'Option C: Standard conceptual parameters for practical formulations (Correct Answer)', true),
('opt_q_quiz_c9_generalscience_3_d', 'q_quiz_c9_generalscience_3', 'Option D: Standard conceptual parameters for practical formulations', false),
('opt_q_quiz_c9_generalscience_4_a', 'q_quiz_c9_generalscience_4', 'Option A: Standard conceptual parameters for standard classifications', false),
('opt_q_quiz_c9_generalscience_4_b', 'q_quiz_c9_generalscience_4', 'Option B: Standard conceptual parameters for standard classifications (Correct Answer)', true),
('opt_q_quiz_c9_generalscience_4_c', 'q_quiz_c9_generalscience_4', 'Option C: Standard conceptual parameters for standard classifications', false),
('opt_q_quiz_c9_generalscience_4_d', 'q_quiz_c9_generalscience_4', 'Option D: Standard conceptual parameters for standard classifications', false),
('opt_q_quiz_c9_generalscience_5_a', 'q_quiz_c9_generalscience_5', 'Option A: Standard conceptual parameters for conceptual diagnostics (Correct Answer)', true),
('opt_q_quiz_c9_generalscience_5_b', 'q_quiz_c9_generalscience_5', 'Option B: Standard conceptual parameters for conceptual diagnostics', false),
('opt_q_quiz_c9_generalscience_5_c', 'q_quiz_c9_generalscience_5', 'Option C: Standard conceptual parameters for conceptual diagnostics', false),
('opt_q_quiz_c9_generalscience_5_d', 'q_quiz_c9_generalscience_5', 'Option D: Standard conceptual parameters for conceptual diagnostics', false),
('opt_q_quiz_c9_generalmathematics_1_a', 'q_quiz_c9_generalmathematics_1', 'Option A: Standard conceptual parameters for fundamental postulates (Correct Answer)', true),
('opt_q_quiz_c9_generalmathematics_1_b', 'q_quiz_c9_generalmathematics_1', 'Option B: Standard conceptual parameters for fundamental postulates', false),
('opt_q_quiz_c9_generalmathematics_1_c', 'q_quiz_c9_generalmathematics_1', 'Option C: Standard conceptual parameters for fundamental postulates', false),
('opt_q_quiz_c9_generalmathematics_1_d', 'q_quiz_c9_generalmathematics_1', 'Option D: Standard conceptual parameters for fundamental postulates', false),
('opt_q_quiz_c9_generalmathematics_2_a', 'q_quiz_c9_generalmathematics_2', 'Option A: Standard conceptual parameters for mathematical calculations', false),
('opt_q_quiz_c9_generalmathematics_2_b', 'q_quiz_c9_generalmathematics_2', 'Option B: Standard conceptual parameters for mathematical calculations', false),
('opt_q_quiz_c9_generalmathematics_2_c', 'q_quiz_c9_generalmathematics_2', 'Option C: Standard conceptual parameters for mathematical calculations', false),
('opt_q_quiz_c9_generalmathematics_2_d', 'q_quiz_c9_generalmathematics_2', 'Option D: Standard conceptual parameters for mathematical calculations (Correct Answer)', true),
('opt_q_quiz_c9_generalmathematics_3_a', 'q_quiz_c9_generalmathematics_3', 'Option A: Standard conceptual parameters for practical formulations', false),
('opt_q_quiz_c9_generalmathematics_3_b', 'q_quiz_c9_generalmathematics_3', 'Option B: Standard conceptual parameters for practical formulations', false),
('opt_q_quiz_c9_generalmathematics_3_c', 'q_quiz_c9_generalmathematics_3', 'Option C: Standard conceptual parameters for practical formulations (Correct Answer)', true),
('opt_q_quiz_c9_generalmathematics_3_d', 'q_quiz_c9_generalmathematics_3', 'Option D: Standard conceptual parameters for practical formulations', false),
('opt_q_quiz_c9_generalmathematics_4_a', 'q_quiz_c9_generalmathematics_4', 'Option A: Standard conceptual parameters for standard classifications', false),
('opt_q_quiz_c9_generalmathematics_4_b', 'q_quiz_c9_generalmathematics_4', 'Option B: Standard conceptual parameters for standard classifications (Correct Answer)', true),
('opt_q_quiz_c9_generalmathematics_4_c', 'q_quiz_c9_generalmathematics_4', 'Option C: Standard conceptual parameters for standard classifications', false),
('opt_q_quiz_c9_generalmathematics_4_d', 'q_quiz_c9_generalmathematics_4', 'Option D: Standard conceptual parameters for standard classifications', false),
('opt_q_quiz_c9_generalmathematics_5_a', 'q_quiz_c9_generalmathematics_5', 'Option A: Standard conceptual parameters for conceptual diagnostics (Correct Answer)', true),
('opt_q_quiz_c9_generalmathematics_5_b', 'q_quiz_c9_generalmathematics_5', 'Option B: Standard conceptual parameters for conceptual diagnostics', false),
('opt_q_quiz_c9_generalmathematics_5_c', 'q_quiz_c9_generalmathematics_5', 'Option C: Standard conceptual parameters for conceptual diagnostics', false),
('opt_q_quiz_c9_generalmathematics_5_d', 'q_quiz_c9_generalmathematics_5', 'Option D: Standard conceptual parameters for conceptual diagnostics', false),
('opt_q_quiz_c9_english_1_a', 'q_quiz_c9_english_1', 'Option A: Standard conceptual parameters for fundamental postulates (Correct Answer)', true),
('opt_q_quiz_c9_english_1_b', 'q_quiz_c9_english_1', 'Option B: Standard conceptual parameters for fundamental postulates', false),
('opt_q_quiz_c9_english_1_c', 'q_quiz_c9_english_1', 'Option C: Standard conceptual parameters for fundamental postulates', false),
('opt_q_quiz_c9_english_1_d', 'q_quiz_c9_english_1', 'Option D: Standard conceptual parameters for fundamental postulates', false),
('opt_q_quiz_c9_english_2_a', 'q_quiz_c9_english_2', 'Option A: Standard conceptual parameters for mathematical calculations', false),
('opt_q_quiz_c9_english_2_b', 'q_quiz_c9_english_2', 'Option B: Standard conceptual parameters for mathematical calculations', false),
('opt_q_quiz_c9_english_2_c', 'q_quiz_c9_english_2', 'Option C: Standard conceptual parameters for mathematical calculations', false),
('opt_q_quiz_c9_english_2_d', 'q_quiz_c9_english_2', 'Option D: Standard conceptual parameters for mathematical calculations (Correct Answer)', true),
('opt_q_quiz_c9_english_3_a', 'q_quiz_c9_english_3', 'Option A: Standard conceptual parameters for practical formulations', false),
('opt_q_quiz_c9_english_3_b', 'q_quiz_c9_english_3', 'Option B: Standard conceptual parameters for practical formulations', false),
('opt_q_quiz_c9_english_3_c', 'q_quiz_c9_english_3', 'Option C: Standard conceptual parameters for practical formulations (Correct Answer)', true),
('opt_q_quiz_c9_english_3_d', 'q_quiz_c9_english_3', 'Option D: Standard conceptual parameters for practical formulations', false),
('opt_q_quiz_c9_english_4_a', 'q_quiz_c9_english_4', 'Option A: Standard conceptual parameters for standard classifications', false),
('opt_q_quiz_c9_english_4_b', 'q_quiz_c9_english_4', 'Option B: Standard conceptual parameters for standard classifications (Correct Answer)', true),
('opt_q_quiz_c9_english_4_c', 'q_quiz_c9_english_4', 'Option C: Standard conceptual parameters for standard classifications', false),
('opt_q_quiz_c9_english_4_d', 'q_quiz_c9_english_4', 'Option D: Standard conceptual parameters for standard classifications', false),
('opt_q_quiz_c9_english_5_a', 'q_quiz_c9_english_5', 'Option A: Standard conceptual parameters for conceptual diagnostics (Correct Answer)', true),
('opt_q_quiz_c9_english_5_b', 'q_quiz_c9_english_5', 'Option B: Standard conceptual parameters for conceptual diagnostics', false),
('opt_q_quiz_c9_english_5_c', 'q_quiz_c9_english_5', 'Option C: Standard conceptual parameters for conceptual diagnostics', false),
('opt_q_quiz_c9_english_5_d', 'q_quiz_c9_english_5', 'Option D: Standard conceptual parameters for conceptual diagnostics', false),
('opt_q_quiz_c10_generalscience_1_a', 'q_quiz_c10_generalscience_1', 'Option A: Standard conceptual parameters for fundamental postulates (Correct Answer)', true),
('opt_q_quiz_c10_generalscience_1_b', 'q_quiz_c10_generalscience_1', 'Option B: Standard conceptual parameters for fundamental postulates', false),
('opt_q_quiz_c10_generalscience_1_c', 'q_quiz_c10_generalscience_1', 'Option C: Standard conceptual parameters for fundamental postulates', false),
('opt_q_quiz_c10_generalscience_1_d', 'q_quiz_c10_generalscience_1', 'Option D: Standard conceptual parameters for fundamental postulates', false),
('opt_q_quiz_c10_generalscience_2_a', 'q_quiz_c10_generalscience_2', 'Option A: Standard conceptual parameters for mathematical calculations', false),
('opt_q_quiz_c10_generalscience_2_b', 'q_quiz_c10_generalscience_2', 'Option B: Standard conceptual parameters for mathematical calculations', false),
('opt_q_quiz_c10_generalscience_2_c', 'q_quiz_c10_generalscience_2', 'Option C: Standard conceptual parameters for mathematical calculations', false),
('opt_q_quiz_c10_generalscience_2_d', 'q_quiz_c10_generalscience_2', 'Option D: Standard conceptual parameters for mathematical calculations (Correct Answer)', true),
('opt_q_quiz_c10_generalscience_3_a', 'q_quiz_c10_generalscience_3', 'Option A: Standard conceptual parameters for practical formulations', false),
('opt_q_quiz_c10_generalscience_3_b', 'q_quiz_c10_generalscience_3', 'Option B: Standard conceptual parameters for practical formulations', false),
('opt_q_quiz_c10_generalscience_3_c', 'q_quiz_c10_generalscience_3', 'Option C: Standard conceptual parameters for practical formulations (Correct Answer)', true),
('opt_q_quiz_c10_generalscience_3_d', 'q_quiz_c10_generalscience_3', 'Option D: Standard conceptual parameters for practical formulations', false),
('opt_q_quiz_c10_generalscience_4_a', 'q_quiz_c10_generalscience_4', 'Option A: Standard conceptual parameters for standard classifications', false),
('opt_q_quiz_c10_generalscience_4_b', 'q_quiz_c10_generalscience_4', 'Option B: Standard conceptual parameters for standard classifications (Correct Answer)', true),
('opt_q_quiz_c10_generalscience_4_c', 'q_quiz_c10_generalscience_4', 'Option C: Standard conceptual parameters for standard classifications', false),
('opt_q_quiz_c10_generalscience_4_d', 'q_quiz_c10_generalscience_4', 'Option D: Standard conceptual parameters for standard classifications', false),
('opt_q_quiz_c10_generalscience_5_a', 'q_quiz_c10_generalscience_5', 'Option A: Standard conceptual parameters for conceptual diagnostics (Correct Answer)', true),
('opt_q_quiz_c10_generalscience_5_b', 'q_quiz_c10_generalscience_5', 'Option B: Standard conceptual parameters for conceptual diagnostics', false),
('opt_q_quiz_c10_generalscience_5_c', 'q_quiz_c10_generalscience_5', 'Option C: Standard conceptual parameters for conceptual diagnostics', false),
('opt_q_quiz_c10_generalscience_5_d', 'q_quiz_c10_generalscience_5', 'Option D: Standard conceptual parameters for conceptual diagnostics', false),
('opt_q_quiz_c10_generalmathematics_1_a', 'q_quiz_c10_generalmathematics_1', 'Option A: Standard conceptual parameters for fundamental postulates (Correct Answer)', true),
('opt_q_quiz_c10_generalmathematics_1_b', 'q_quiz_c10_generalmathematics_1', 'Option B: Standard conceptual parameters for fundamental postulates', false),
('opt_q_quiz_c10_generalmathematics_1_c', 'q_quiz_c10_generalmathematics_1', 'Option C: Standard conceptual parameters for fundamental postulates', false),
('opt_q_quiz_c10_generalmathematics_1_d', 'q_quiz_c10_generalmathematics_1', 'Option D: Standard conceptual parameters for fundamental postulates', false),
('opt_q_quiz_c10_generalmathematics_2_a', 'q_quiz_c10_generalmathematics_2', 'Option A: Standard conceptual parameters for mathematical calculations', false),
('opt_q_quiz_c10_generalmathematics_2_b', 'q_quiz_c10_generalmathematics_2', 'Option B: Standard conceptual parameters for mathematical calculations', false),
('opt_q_quiz_c10_generalmathematics_2_c', 'q_quiz_c10_generalmathematics_2', 'Option C: Standard conceptual parameters for mathematical calculations', false),
('opt_q_quiz_c10_generalmathematics_2_d', 'q_quiz_c10_generalmathematics_2', 'Option D: Standard conceptual parameters for mathematical calculations (Correct Answer)', true),
('opt_q_quiz_c10_generalmathematics_3_a', 'q_quiz_c10_generalmathematics_3', 'Option A: Standard conceptual parameters for practical formulations', false),
('opt_q_quiz_c10_generalmathematics_3_b', 'q_quiz_c10_generalmathematics_3', 'Option B: Standard conceptual parameters for practical formulations', false),
('opt_q_quiz_c10_generalmathematics_3_c', 'q_quiz_c10_generalmathematics_3', 'Option C: Standard conceptual parameters for practical formulations (Correct Answer)', true),
('opt_q_quiz_c10_generalmathematics_3_d', 'q_quiz_c10_generalmathematics_3', 'Option D: Standard conceptual parameters for practical formulations', false),
('opt_q_quiz_c10_generalmathematics_4_a', 'q_quiz_c10_generalmathematics_4', 'Option A: Standard conceptual parameters for standard classifications', false),
('opt_q_quiz_c10_generalmathematics_4_b', 'q_quiz_c10_generalmathematics_4', 'Option B: Standard conceptual parameters for standard classifications (Correct Answer)', true),
('opt_q_quiz_c10_generalmathematics_4_c', 'q_quiz_c10_generalmathematics_4', 'Option C: Standard conceptual parameters for standard classifications', false),
('opt_q_quiz_c10_generalmathematics_4_d', 'q_quiz_c10_generalmathematics_4', 'Option D: Standard conceptual parameters for standard classifications', false),
('opt_q_quiz_c10_generalmathematics_5_a', 'q_quiz_c10_generalmathematics_5', 'Option A: Standard conceptual parameters for conceptual diagnostics (Correct Answer)', true),
('opt_q_quiz_c10_generalmathematics_5_b', 'q_quiz_c10_generalmathematics_5', 'Option B: Standard conceptual parameters for conceptual diagnostics', false),
('opt_q_quiz_c10_generalmathematics_5_c', 'q_quiz_c10_generalmathematics_5', 'Option C: Standard conceptual parameters for conceptual diagnostics', false),
('opt_q_quiz_c10_generalmathematics_5_d', 'q_quiz_c10_generalmathematics_5', 'Option D: Standard conceptual parameters for conceptual diagnostics', false),
('opt_q_quiz_c10_english_1_a', 'q_quiz_c10_english_1', 'Option A: Standard conceptual parameters for fundamental postulates (Correct Answer)', true),
('opt_q_quiz_c10_english_1_b', 'q_quiz_c10_english_1', 'Option B: Standard conceptual parameters for fundamental postulates', false),
('opt_q_quiz_c10_english_1_c', 'q_quiz_c10_english_1', 'Option C: Standard conceptual parameters for fundamental postulates', false),
('opt_q_quiz_c10_english_1_d', 'q_quiz_c10_english_1', 'Option D: Standard conceptual parameters for fundamental postulates', false),
('opt_q_quiz_c10_english_2_a', 'q_quiz_c10_english_2', 'Option A: Standard conceptual parameters for mathematical calculations', false),
('opt_q_quiz_c10_english_2_b', 'q_quiz_c10_english_2', 'Option B: Standard conceptual parameters for mathematical calculations', false),
('opt_q_quiz_c10_english_2_c', 'q_quiz_c10_english_2', 'Option C: Standard conceptual parameters for mathematical calculations', false),
('opt_q_quiz_c10_english_2_d', 'q_quiz_c10_english_2', 'Option D: Standard conceptual parameters for mathematical calculations (Correct Answer)', true),
('opt_q_quiz_c10_english_3_a', 'q_quiz_c10_english_3', 'Option A: Standard conceptual parameters for practical formulations', false),
('opt_q_quiz_c10_english_3_b', 'q_quiz_c10_english_3', 'Option B: Standard conceptual parameters for practical formulations', false),
('opt_q_quiz_c10_english_3_c', 'q_quiz_c10_english_3', 'Option C: Standard conceptual parameters for practical formulations (Correct Answer)', true),
('opt_q_quiz_c10_english_3_d', 'q_quiz_c10_english_3', 'Option D: Standard conceptual parameters for practical formulations', false),
('opt_q_quiz_c10_english_4_a', 'q_quiz_c10_english_4', 'Option A: Standard conceptual parameters for standard classifications', false),
('opt_q_quiz_c10_english_4_b', 'q_quiz_c10_english_4', 'Option B: Standard conceptual parameters for standard classifications (Correct Answer)', true),
('opt_q_quiz_c10_english_4_c', 'q_quiz_c10_english_4', 'Option C: Standard conceptual parameters for standard classifications', false),
('opt_q_quiz_c10_english_4_d', 'q_quiz_c10_english_4', 'Option D: Standard conceptual parameters for standard classifications', false),
('opt_q_quiz_c10_english_5_a', 'q_quiz_c10_english_5', 'Option A: Standard conceptual parameters for conceptual diagnostics (Correct Answer)', true),
('opt_q_quiz_c10_english_5_b', 'q_quiz_c10_english_5', 'Option B: Standard conceptual parameters for conceptual diagnostics', false),
('opt_q_quiz_c10_english_5_c', 'q_quiz_c10_english_5', 'Option C: Standard conceptual parameters for conceptual diagnostics', false),
('opt_q_quiz_c10_english_5_d', 'q_quiz_c10_english_5', 'Option D: Standard conceptual parameters for conceptual diagnostics', false),
('opt_q_quiz_c11_sci_physics_1_a', 'q_quiz_c11_sci_physics_1', 'Option A: Standard conceptual parameters for fundamental postulates (Correct Answer)', true),
('opt_q_quiz_c11_sci_physics_1_b', 'q_quiz_c11_sci_physics_1', 'Option B: Standard conceptual parameters for fundamental postulates', false),
('opt_q_quiz_c11_sci_physics_1_c', 'q_quiz_c11_sci_physics_1', 'Option C: Standard conceptual parameters for fundamental postulates', false),
('opt_q_quiz_c11_sci_physics_1_d', 'q_quiz_c11_sci_physics_1', 'Option D: Standard conceptual parameters for fundamental postulates', false),
('opt_q_quiz_c11_sci_physics_2_a', 'q_quiz_c11_sci_physics_2', 'Option A: Standard conceptual parameters for mathematical calculations', false),
('opt_q_quiz_c11_sci_physics_2_b', 'q_quiz_c11_sci_physics_2', 'Option B: Standard conceptual parameters for mathematical calculations', false),
('opt_q_quiz_c11_sci_physics_2_c', 'q_quiz_c11_sci_physics_2', 'Option C: Standard conceptual parameters for mathematical calculations', false),
('opt_q_quiz_c11_sci_physics_2_d', 'q_quiz_c11_sci_physics_2', 'Option D: Standard conceptual parameters for mathematical calculations (Correct Answer)', true),
('opt_q_quiz_c11_sci_physics_3_a', 'q_quiz_c11_sci_physics_3', 'Option A: Standard conceptual parameters for practical formulations', false),
('opt_q_quiz_c11_sci_physics_3_b', 'q_quiz_c11_sci_physics_3', 'Option B: Standard conceptual parameters for practical formulations', false),
('opt_q_quiz_c11_sci_physics_3_c', 'q_quiz_c11_sci_physics_3', 'Option C: Standard conceptual parameters for practical formulations (Correct Answer)', true),
('opt_q_quiz_c11_sci_physics_3_d', 'q_quiz_c11_sci_physics_3', 'Option D: Standard conceptual parameters for practical formulations', false),
('opt_q_quiz_c11_sci_physics_4_a', 'q_quiz_c11_sci_physics_4', 'Option A: Standard conceptual parameters for standard classifications', false),
('opt_q_quiz_c11_sci_physics_4_b', 'q_quiz_c11_sci_physics_4', 'Option B: Standard conceptual parameters for standard classifications (Correct Answer)', true),
('opt_q_quiz_c11_sci_physics_4_c', 'q_quiz_c11_sci_physics_4', 'Option C: Standard conceptual parameters for standard classifications', false),
('opt_q_quiz_c11_sci_physics_4_d', 'q_quiz_c11_sci_physics_4', 'Option D: Standard conceptual parameters for standard classifications', false),
('opt_q_quiz_c11_sci_physics_5_a', 'q_quiz_c11_sci_physics_5', 'Option A: Standard conceptual parameters for conceptual diagnostics (Correct Answer)', true),
('opt_q_quiz_c11_sci_physics_5_b', 'q_quiz_c11_sci_physics_5', 'Option B: Standard conceptual parameters for conceptual diagnostics', false),
('opt_q_quiz_c11_sci_physics_5_c', 'q_quiz_c11_sci_physics_5', 'Option C: Standard conceptual parameters for conceptual diagnostics', false),
('opt_q_quiz_c11_sci_physics_5_d', 'q_quiz_c11_sci_physics_5', 'Option D: Standard conceptual parameters for conceptual diagnostics', false),
('opt_q_quiz_c11_sci_chemistry_1_a', 'q_quiz_c11_sci_chemistry_1', 'Option A: Standard conceptual parameters for fundamental postulates (Correct Answer)', true),
('opt_q_quiz_c11_sci_chemistry_1_b', 'q_quiz_c11_sci_chemistry_1', 'Option B: Standard conceptual parameters for fundamental postulates', false),
('opt_q_quiz_c11_sci_chemistry_1_c', 'q_quiz_c11_sci_chemistry_1', 'Option C: Standard conceptual parameters for fundamental postulates', false),
('opt_q_quiz_c11_sci_chemistry_1_d', 'q_quiz_c11_sci_chemistry_1', 'Option D: Standard conceptual parameters for fundamental postulates', false),
('opt_q_quiz_c11_sci_chemistry_2_a', 'q_quiz_c11_sci_chemistry_2', 'Option A: Standard conceptual parameters for mathematical calculations', false),
('opt_q_quiz_c11_sci_chemistry_2_b', 'q_quiz_c11_sci_chemistry_2', 'Option B: Standard conceptual parameters for mathematical calculations', false),
('opt_q_quiz_c11_sci_chemistry_2_c', 'q_quiz_c11_sci_chemistry_2', 'Option C: Standard conceptual parameters for mathematical calculations', false),
('opt_q_quiz_c11_sci_chemistry_2_d', 'q_quiz_c11_sci_chemistry_2', 'Option D: Standard conceptual parameters for mathematical calculations (Correct Answer)', true),
('opt_q_quiz_c11_sci_chemistry_3_a', 'q_quiz_c11_sci_chemistry_3', 'Option A: Standard conceptual parameters for practical formulations', false),
('opt_q_quiz_c11_sci_chemistry_3_b', 'q_quiz_c11_sci_chemistry_3', 'Option B: Standard conceptual parameters for practical formulations', false),
('opt_q_quiz_c11_sci_chemistry_3_c', 'q_quiz_c11_sci_chemistry_3', 'Option C: Standard conceptual parameters for practical formulations (Correct Answer)', true),
('opt_q_quiz_c11_sci_chemistry_3_d', 'q_quiz_c11_sci_chemistry_3', 'Option D: Standard conceptual parameters for practical formulations', false),
('opt_q_quiz_c11_sci_chemistry_4_a', 'q_quiz_c11_sci_chemistry_4', 'Option A: Standard conceptual parameters for standard classifications', false),
('opt_q_quiz_c11_sci_chemistry_4_b', 'q_quiz_c11_sci_chemistry_4', 'Option B: Standard conceptual parameters for standard classifications (Correct Answer)', true),
('opt_q_quiz_c11_sci_chemistry_4_c', 'q_quiz_c11_sci_chemistry_4', 'Option C: Standard conceptual parameters for standard classifications', false),
('opt_q_quiz_c11_sci_chemistry_4_d', 'q_quiz_c11_sci_chemistry_4', 'Option D: Standard conceptual parameters for standard classifications', false),
('opt_q_quiz_c11_sci_chemistry_5_a', 'q_quiz_c11_sci_chemistry_5', 'Option A: Standard conceptual parameters for conceptual diagnostics (Correct Answer)', true),
('opt_q_quiz_c11_sci_chemistry_5_b', 'q_quiz_c11_sci_chemistry_5', 'Option B: Standard conceptual parameters for conceptual diagnostics', false),
('opt_q_quiz_c11_sci_chemistry_5_c', 'q_quiz_c11_sci_chemistry_5', 'Option C: Standard conceptual parameters for conceptual diagnostics', false),
('opt_q_quiz_c11_sci_chemistry_5_d', 'q_quiz_c11_sci_chemistry_5', 'Option D: Standard conceptual parameters for conceptual diagnostics', false),
('opt_q_quiz_c11_sci_biology_1_a', 'q_quiz_c11_sci_biology_1', 'Option A: Standard conceptual parameters for fundamental postulates (Correct Answer)', true),
('opt_q_quiz_c11_sci_biology_1_b', 'q_quiz_c11_sci_biology_1', 'Option B: Standard conceptual parameters for fundamental postulates', false),
('opt_q_quiz_c11_sci_biology_1_c', 'q_quiz_c11_sci_biology_1', 'Option C: Standard conceptual parameters for fundamental postulates', false),
('opt_q_quiz_c11_sci_biology_1_d', 'q_quiz_c11_sci_biology_1', 'Option D: Standard conceptual parameters for fundamental postulates', false),
('opt_q_quiz_c11_sci_biology_2_a', 'q_quiz_c11_sci_biology_2', 'Option A: Standard conceptual parameters for mathematical calculations', false),
('opt_q_quiz_c11_sci_biology_2_b', 'q_quiz_c11_sci_biology_2', 'Option B: Standard conceptual parameters for mathematical calculations', false),
('opt_q_quiz_c11_sci_biology_2_c', 'q_quiz_c11_sci_biology_2', 'Option C: Standard conceptual parameters for mathematical calculations', false),
('opt_q_quiz_c11_sci_biology_2_d', 'q_quiz_c11_sci_biology_2', 'Option D: Standard conceptual parameters for mathematical calculations (Correct Answer)', true),
('opt_q_quiz_c11_sci_biology_3_a', 'q_quiz_c11_sci_biology_3', 'Option A: Standard conceptual parameters for practical formulations', false),
('opt_q_quiz_c11_sci_biology_3_b', 'q_quiz_c11_sci_biology_3', 'Option B: Standard conceptual parameters for practical formulations', false),
('opt_q_quiz_c11_sci_biology_3_c', 'q_quiz_c11_sci_biology_3', 'Option C: Standard conceptual parameters for practical formulations (Correct Answer)', true),
('opt_q_quiz_c11_sci_biology_3_d', 'q_quiz_c11_sci_biology_3', 'Option D: Standard conceptual parameters for practical formulations', false),
('opt_q_quiz_c11_sci_biology_4_a', 'q_quiz_c11_sci_biology_4', 'Option A: Standard conceptual parameters for standard classifications', false),
('opt_q_quiz_c11_sci_biology_4_b', 'q_quiz_c11_sci_biology_4', 'Option B: Standard conceptual parameters for standard classifications (Correct Answer)', true),
('opt_q_quiz_c11_sci_biology_4_c', 'q_quiz_c11_sci_biology_4', 'Option C: Standard conceptual parameters for standard classifications', false),
('opt_q_quiz_c11_sci_biology_4_d', 'q_quiz_c11_sci_biology_4', 'Option D: Standard conceptual parameters for standard classifications', false),
('opt_q_quiz_c11_sci_biology_5_a', 'q_quiz_c11_sci_biology_5', 'Option A: Standard conceptual parameters for conceptual diagnostics (Correct Answer)', true),
('opt_q_quiz_c11_sci_biology_5_b', 'q_quiz_c11_sci_biology_5', 'Option B: Standard conceptual parameters for conceptual diagnostics', false),
('opt_q_quiz_c11_sci_biology_5_c', 'q_quiz_c11_sci_biology_5', 'Option C: Standard conceptual parameters for conceptual diagnostics', false),
('opt_q_quiz_c11_sci_biology_5_d', 'q_quiz_c11_sci_biology_5', 'Option D: Standard conceptual parameters for conceptual diagnostics', false),
('opt_q_quiz_c12_sci_physics_1_a', 'q_quiz_c12_sci_physics_1', 'Option A: Standard conceptual parameters for fundamental postulates (Correct Answer)', true),
('opt_q_quiz_c12_sci_physics_1_b', 'q_quiz_c12_sci_physics_1', 'Option B: Standard conceptual parameters for fundamental postulates', false),
('opt_q_quiz_c12_sci_physics_1_c', 'q_quiz_c12_sci_physics_1', 'Option C: Standard conceptual parameters for fundamental postulates', false),
('opt_q_quiz_c12_sci_physics_1_d', 'q_quiz_c12_sci_physics_1', 'Option D: Standard conceptual parameters for fundamental postulates', false),
('opt_q_quiz_c12_sci_physics_2_a', 'q_quiz_c12_sci_physics_2', 'Option A: Standard conceptual parameters for mathematical calculations', false),
('opt_q_quiz_c12_sci_physics_2_b', 'q_quiz_c12_sci_physics_2', 'Option B: Standard conceptual parameters for mathematical calculations', false),
('opt_q_quiz_c12_sci_physics_2_c', 'q_quiz_c12_sci_physics_2', 'Option C: Standard conceptual parameters for mathematical calculations', false),
('opt_q_quiz_c12_sci_physics_2_d', 'q_quiz_c12_sci_physics_2', 'Option D: Standard conceptual parameters for mathematical calculations (Correct Answer)', true),
('opt_q_quiz_c12_sci_physics_3_a', 'q_quiz_c12_sci_physics_3', 'Option A: Standard conceptual parameters for practical formulations', false),
('opt_q_quiz_c12_sci_physics_3_b', 'q_quiz_c12_sci_physics_3', 'Option B: Standard conceptual parameters for practical formulations', false),
('opt_q_quiz_c12_sci_physics_3_c', 'q_quiz_c12_sci_physics_3', 'Option C: Standard conceptual parameters for practical formulations (Correct Answer)', true),
('opt_q_quiz_c12_sci_physics_3_d', 'q_quiz_c12_sci_physics_3', 'Option D: Standard conceptual parameters for practical formulations', false),
('opt_q_quiz_c12_sci_physics_4_a', 'q_quiz_c12_sci_physics_4', 'Option A: Standard conceptual parameters for standard classifications', false),
('opt_q_quiz_c12_sci_physics_4_b', 'q_quiz_c12_sci_physics_4', 'Option B: Standard conceptual parameters for standard classifications (Correct Answer)', true),
('opt_q_quiz_c12_sci_physics_4_c', 'q_quiz_c12_sci_physics_4', 'Option C: Standard conceptual parameters for standard classifications', false),
('opt_q_quiz_c12_sci_physics_4_d', 'q_quiz_c12_sci_physics_4', 'Option D: Standard conceptual parameters for standard classifications', false),
('opt_q_quiz_c12_sci_physics_5_a', 'q_quiz_c12_sci_physics_5', 'Option A: Standard conceptual parameters for conceptual diagnostics (Correct Answer)', true),
('opt_q_quiz_c12_sci_physics_5_b', 'q_quiz_c12_sci_physics_5', 'Option B: Standard conceptual parameters for conceptual diagnostics', false),
('opt_q_quiz_c12_sci_physics_5_c', 'q_quiz_c12_sci_physics_5', 'Option C: Standard conceptual parameters for conceptual diagnostics', false),
('opt_q_quiz_c12_sci_physics_5_d', 'q_quiz_c12_sci_physics_5', 'Option D: Standard conceptual parameters for conceptual diagnostics', false),
('opt_q_quiz_c12_sci_chemistry_1_a', 'q_quiz_c12_sci_chemistry_1', 'Option A: Standard conceptual parameters for fundamental postulates (Correct Answer)', true),
('opt_q_quiz_c12_sci_chemistry_1_b', 'q_quiz_c12_sci_chemistry_1', 'Option B: Standard conceptual parameters for fundamental postulates', false),
('opt_q_quiz_c12_sci_chemistry_1_c', 'q_quiz_c12_sci_chemistry_1', 'Option C: Standard conceptual parameters for fundamental postulates', false),
('opt_q_quiz_c12_sci_chemistry_1_d', 'q_quiz_c12_sci_chemistry_1', 'Option D: Standard conceptual parameters for fundamental postulates', false),
('opt_q_quiz_c12_sci_chemistry_2_a', 'q_quiz_c12_sci_chemistry_2', 'Option A: Standard conceptual parameters for mathematical calculations', false),
('opt_q_quiz_c12_sci_chemistry_2_b', 'q_quiz_c12_sci_chemistry_2', 'Option B: Standard conceptual parameters for mathematical calculations', false),
('opt_q_quiz_c12_sci_chemistry_2_c', 'q_quiz_c12_sci_chemistry_2', 'Option C: Standard conceptual parameters for mathematical calculations', false),
('opt_q_quiz_c12_sci_chemistry_2_d', 'q_quiz_c12_sci_chemistry_2', 'Option D: Standard conceptual parameters for mathematical calculations (Correct Answer)', true),
('opt_q_quiz_c12_sci_chemistry_3_a', 'q_quiz_c12_sci_chemistry_3', 'Option A: Standard conceptual parameters for practical formulations', false),
('opt_q_quiz_c12_sci_chemistry_3_b', 'q_quiz_c12_sci_chemistry_3', 'Option B: Standard conceptual parameters for practical formulations', false),
('opt_q_quiz_c12_sci_chemistry_3_c', 'q_quiz_c12_sci_chemistry_3', 'Option C: Standard conceptual parameters for practical formulations (Correct Answer)', true),
('opt_q_quiz_c12_sci_chemistry_3_d', 'q_quiz_c12_sci_chemistry_3', 'Option D: Standard conceptual parameters for practical formulations', false),
('opt_q_quiz_c12_sci_chemistry_4_a', 'q_quiz_c12_sci_chemistry_4', 'Option A: Standard conceptual parameters for standard classifications', false),
('opt_q_quiz_c12_sci_chemistry_4_b', 'q_quiz_c12_sci_chemistry_4', 'Option B: Standard conceptual parameters for standard classifications (Correct Answer)', true),
('opt_q_quiz_c12_sci_chemistry_4_c', 'q_quiz_c12_sci_chemistry_4', 'Option C: Standard conceptual parameters for standard classifications', false),
('opt_q_quiz_c12_sci_chemistry_4_d', 'q_quiz_c12_sci_chemistry_4', 'Option D: Standard conceptual parameters for standard classifications', false),
('opt_q_quiz_c12_sci_chemistry_5_a', 'q_quiz_c12_sci_chemistry_5', 'Option A: Standard conceptual parameters for conceptual diagnostics (Correct Answer)', true),
('opt_q_quiz_c12_sci_chemistry_5_b', 'q_quiz_c12_sci_chemistry_5', 'Option B: Standard conceptual parameters for conceptual diagnostics', false),
('opt_q_quiz_c12_sci_chemistry_5_c', 'q_quiz_c12_sci_chemistry_5', 'Option C: Standard conceptual parameters for conceptual diagnostics', false),
('opt_q_quiz_c12_sci_chemistry_5_d', 'q_quiz_c12_sci_chemistry_5', 'Option D: Standard conceptual parameters for conceptual diagnostics', false),
('opt_q_quiz_c12_sci_biology_1_a', 'q_quiz_c12_sci_biology_1', 'Option A: Standard conceptual parameters for fundamental postulates (Correct Answer)', true),
('opt_q_quiz_c12_sci_biology_1_b', 'q_quiz_c12_sci_biology_1', 'Option B: Standard conceptual parameters for fundamental postulates', false),
('opt_q_quiz_c12_sci_biology_1_c', 'q_quiz_c12_sci_biology_1', 'Option C: Standard conceptual parameters for fundamental postulates', false),
('opt_q_quiz_c12_sci_biology_1_d', 'q_quiz_c12_sci_biology_1', 'Option D: Standard conceptual parameters for fundamental postulates', false),
('opt_q_quiz_c12_sci_biology_2_a', 'q_quiz_c12_sci_biology_2', 'Option A: Standard conceptual parameters for mathematical calculations', false),
('opt_q_quiz_c12_sci_biology_2_b', 'q_quiz_c12_sci_biology_2', 'Option B: Standard conceptual parameters for mathematical calculations', false),
('opt_q_quiz_c12_sci_biology_2_c', 'q_quiz_c12_sci_biology_2', 'Option C: Standard conceptual parameters for mathematical calculations', false),
('opt_q_quiz_c12_sci_biology_2_d', 'q_quiz_c12_sci_biology_2', 'Option D: Standard conceptual parameters for mathematical calculations (Correct Answer)', true),
('opt_q_quiz_c12_sci_biology_3_a', 'q_quiz_c12_sci_biology_3', 'Option A: Standard conceptual parameters for practical formulations', false),
('opt_q_quiz_c12_sci_biology_3_b', 'q_quiz_c12_sci_biology_3', 'Option B: Standard conceptual parameters for practical formulations', false),
('opt_q_quiz_c12_sci_biology_3_c', 'q_quiz_c12_sci_biology_3', 'Option C: Standard conceptual parameters for practical formulations (Correct Answer)', true),
('opt_q_quiz_c12_sci_biology_3_d', 'q_quiz_c12_sci_biology_3', 'Option D: Standard conceptual parameters for practical formulations', false),
('opt_q_quiz_c12_sci_biology_4_a', 'q_quiz_c12_sci_biology_4', 'Option A: Standard conceptual parameters for standard classifications', false),
('opt_q_quiz_c12_sci_biology_4_b', 'q_quiz_c12_sci_biology_4', 'Option B: Standard conceptual parameters for standard classifications (Correct Answer)', true),
('opt_q_quiz_c12_sci_biology_4_c', 'q_quiz_c12_sci_biology_4', 'Option C: Standard conceptual parameters for standard classifications', false),
('opt_q_quiz_c12_sci_biology_4_d', 'q_quiz_c12_sci_biology_4', 'Option D: Standard conceptual parameters for standard classifications', false),
('opt_q_quiz_c12_sci_biology_5_a', 'q_quiz_c12_sci_biology_5', 'Option A: Standard conceptual parameters for conceptual diagnostics (Correct Answer)', true),
('opt_q_quiz_c12_sci_biology_5_b', 'q_quiz_c12_sci_biology_5', 'Option B: Standard conceptual parameters for conceptual diagnostics', false),
('opt_q_quiz_c12_sci_biology_5_c', 'q_quiz_c12_sci_biology_5', 'Option C: Standard conceptual parameters for conceptual diagnostics', false),
('opt_q_quiz_c12_sci_biology_5_d', 'q_quiz_c12_sci_biology_5', 'Option D: Standard conceptual parameters for conceptual diagnostics', false),
('opt_q_quiz_neet_biology_1_a', 'q_quiz_neet_biology_1', 'Option A: Standard conceptual parameters for fundamental postulates (Correct Answer)', true),
('opt_q_quiz_neet_biology_1_b', 'q_quiz_neet_biology_1', 'Option B: Standard conceptual parameters for fundamental postulates', false),
('opt_q_quiz_neet_biology_1_c', 'q_quiz_neet_biology_1', 'Option C: Standard conceptual parameters for fundamental postulates', false),
('opt_q_quiz_neet_biology_1_d', 'q_quiz_neet_biology_1', 'Option D: Standard conceptual parameters for fundamental postulates', false),
('opt_q_quiz_neet_biology_2_a', 'q_quiz_neet_biology_2', 'Option A: Standard conceptual parameters for mathematical calculations', false),
('opt_q_quiz_neet_biology_2_b', 'q_quiz_neet_biology_2', 'Option B: Standard conceptual parameters for mathematical calculations', false),
('opt_q_quiz_neet_biology_2_c', 'q_quiz_neet_biology_2', 'Option C: Standard conceptual parameters for mathematical calculations', false),
('opt_q_quiz_neet_biology_2_d', 'q_quiz_neet_biology_2', 'Option D: Standard conceptual parameters for mathematical calculations (Correct Answer)', true),
('opt_q_quiz_neet_biology_3_a', 'q_quiz_neet_biology_3', 'Option A: Standard conceptual parameters for practical formulations', false),
('opt_q_quiz_neet_biology_3_b', 'q_quiz_neet_biology_3', 'Option B: Standard conceptual parameters for practical formulations', false),
('opt_q_quiz_neet_biology_3_c', 'q_quiz_neet_biology_3', 'Option C: Standard conceptual parameters for practical formulations (Correct Answer)', true),
('opt_q_quiz_neet_biology_3_d', 'q_quiz_neet_biology_3', 'Option D: Standard conceptual parameters for practical formulations', false),
('opt_q_quiz_neet_biology_4_a', 'q_quiz_neet_biology_4', 'Option A: Standard conceptual parameters for standard classifications', false),
('opt_q_quiz_neet_biology_4_b', 'q_quiz_neet_biology_4', 'Option B: Standard conceptual parameters for standard classifications (Correct Answer)', true),
('opt_q_quiz_neet_biology_4_c', 'q_quiz_neet_biology_4', 'Option C: Standard conceptual parameters for standard classifications', false),
('opt_q_quiz_neet_biology_4_d', 'q_quiz_neet_biology_4', 'Option D: Standard conceptual parameters for standard classifications', false),
('opt_q_quiz_neet_biology_5_a', 'q_quiz_neet_biology_5', 'Option A: Standard conceptual parameters for conceptual diagnostics (Correct Answer)', true),
('opt_q_quiz_neet_biology_5_b', 'q_quiz_neet_biology_5', 'Option B: Standard conceptual parameters for conceptual diagnostics', false),
('opt_q_quiz_neet_biology_5_c', 'q_quiz_neet_biology_5', 'Option C: Standard conceptual parameters for conceptual diagnostics', false),
('opt_q_quiz_neet_biology_5_d', 'q_quiz_neet_biology_5', 'Option D: Standard conceptual parameters for conceptual diagnostics', false),
('opt_q_quiz_neet_chemistry_1_a', 'q_quiz_neet_chemistry_1', 'Option A: Standard conceptual parameters for fundamental postulates (Correct Answer)', true),
('opt_q_quiz_neet_chemistry_1_b', 'q_quiz_neet_chemistry_1', 'Option B: Standard conceptual parameters for fundamental postulates', false),
('opt_q_quiz_neet_chemistry_1_c', 'q_quiz_neet_chemistry_1', 'Option C: Standard conceptual parameters for fundamental postulates', false),
('opt_q_quiz_neet_chemistry_1_d', 'q_quiz_neet_chemistry_1', 'Option D: Standard conceptual parameters for fundamental postulates', false),
('opt_q_quiz_neet_chemistry_2_a', 'q_quiz_neet_chemistry_2', 'Option A: Standard conceptual parameters for mathematical calculations', false),
('opt_q_quiz_neet_chemistry_2_b', 'q_quiz_neet_chemistry_2', 'Option B: Standard conceptual parameters for mathematical calculations', false),
('opt_q_quiz_neet_chemistry_2_c', 'q_quiz_neet_chemistry_2', 'Option C: Standard conceptual parameters for mathematical calculations', false),
('opt_q_quiz_neet_chemistry_2_d', 'q_quiz_neet_chemistry_2', 'Option D: Standard conceptual parameters for mathematical calculations (Correct Answer)', true),
('opt_q_quiz_neet_chemistry_3_a', 'q_quiz_neet_chemistry_3', 'Option A: Standard conceptual parameters for practical formulations', false),
('opt_q_quiz_neet_chemistry_3_b', 'q_quiz_neet_chemistry_3', 'Option B: Standard conceptual parameters for practical formulations', false),
('opt_q_quiz_neet_chemistry_3_c', 'q_quiz_neet_chemistry_3', 'Option C: Standard conceptual parameters for practical formulations (Correct Answer)', true),
('opt_q_quiz_neet_chemistry_3_d', 'q_quiz_neet_chemistry_3', 'Option D: Standard conceptual parameters for practical formulations', false),
('opt_q_quiz_neet_chemistry_4_a', 'q_quiz_neet_chemistry_4', 'Option A: Standard conceptual parameters for standard classifications', false),
('opt_q_quiz_neet_chemistry_4_b', 'q_quiz_neet_chemistry_4', 'Option B: Standard conceptual parameters for standard classifications (Correct Answer)', true),
('opt_q_quiz_neet_chemistry_4_c', 'q_quiz_neet_chemistry_4', 'Option C: Standard conceptual parameters for standard classifications', false),
('opt_q_quiz_neet_chemistry_4_d', 'q_quiz_neet_chemistry_4', 'Option D: Standard conceptual parameters for standard classifications', false),
('opt_q_quiz_neet_chemistry_5_a', 'q_quiz_neet_chemistry_5', 'Option A: Standard conceptual parameters for conceptual diagnostics (Correct Answer)', true),
('opt_q_quiz_neet_chemistry_5_b', 'q_quiz_neet_chemistry_5', 'Option B: Standard conceptual parameters for conceptual diagnostics', false),
('opt_q_quiz_neet_chemistry_5_c', 'q_quiz_neet_chemistry_5', 'Option C: Standard conceptual parameters for conceptual diagnostics', false),
('opt_q_quiz_neet_chemistry_5_d', 'q_quiz_neet_chemistry_5', 'Option D: Standard conceptual parameters for conceptual diagnostics', false),
('opt_q_quiz_bpharm_pharmaceutics_1_a', 'q_quiz_bpharm_pharmaceutics_1', 'Option A: Standard conceptual parameters for fundamental postulates (Correct Answer)', true),
('opt_q_quiz_bpharm_pharmaceutics_1_b', 'q_quiz_bpharm_pharmaceutics_1', 'Option B: Standard conceptual parameters for fundamental postulates', false),
('opt_q_quiz_bpharm_pharmaceutics_1_c', 'q_quiz_bpharm_pharmaceutics_1', 'Option C: Standard conceptual parameters for fundamental postulates', false),
('opt_q_quiz_bpharm_pharmaceutics_1_d', 'q_quiz_bpharm_pharmaceutics_1', 'Option D: Standard conceptual parameters for fundamental postulates', false),
('opt_q_quiz_bpharm_pharmaceutics_2_a', 'q_quiz_bpharm_pharmaceutics_2', 'Option A: Standard conceptual parameters for mathematical calculations', false),
('opt_q_quiz_bpharm_pharmaceutics_2_b', 'q_quiz_bpharm_pharmaceutics_2', 'Option B: Standard conceptual parameters for mathematical calculations', false),
('opt_q_quiz_bpharm_pharmaceutics_2_c', 'q_quiz_bpharm_pharmaceutics_2', 'Option C: Standard conceptual parameters for mathematical calculations', false),
('opt_q_quiz_bpharm_pharmaceutics_2_d', 'q_quiz_bpharm_pharmaceutics_2', 'Option D: Standard conceptual parameters for mathematical calculations (Correct Answer)', true),
('opt_q_quiz_bpharm_pharmaceutics_3_a', 'q_quiz_bpharm_pharmaceutics_3', 'Option A: Standard conceptual parameters for practical formulations', false),
('opt_q_quiz_bpharm_pharmaceutics_3_b', 'q_quiz_bpharm_pharmaceutics_3', 'Option B: Standard conceptual parameters for practical formulations', false),
('opt_q_quiz_bpharm_pharmaceutics_3_c', 'q_quiz_bpharm_pharmaceutics_3', 'Option C: Standard conceptual parameters for practical formulations (Correct Answer)', true),
('opt_q_quiz_bpharm_pharmaceutics_3_d', 'q_quiz_bpharm_pharmaceutics_3', 'Option D: Standard conceptual parameters for practical formulations', false),
('opt_q_quiz_bpharm_pharmaceutics_4_a', 'q_quiz_bpharm_pharmaceutics_4', 'Option A: Standard conceptual parameters for standard classifications', false),
('opt_q_quiz_bpharm_pharmaceutics_4_b', 'q_quiz_bpharm_pharmaceutics_4', 'Option B: Standard conceptual parameters for standard classifications (Correct Answer)', true),
('opt_q_quiz_bpharm_pharmaceutics_4_c', 'q_quiz_bpharm_pharmaceutics_4', 'Option C: Standard conceptual parameters for standard classifications', false),
('opt_q_quiz_bpharm_pharmaceutics_4_d', 'q_quiz_bpharm_pharmaceutics_4', 'Option D: Standard conceptual parameters for standard classifications', false),
('opt_q_quiz_bpharm_pharmaceutics_5_a', 'q_quiz_bpharm_pharmaceutics_5', 'Option A: Standard conceptual parameters for conceptual diagnostics (Correct Answer)', true),
('opt_q_quiz_bpharm_pharmaceutics_5_b', 'q_quiz_bpharm_pharmaceutics_5', 'Option B: Standard conceptual parameters for conceptual diagnostics', false),
('opt_q_quiz_bpharm_pharmaceutics_5_c', 'q_quiz_bpharm_pharmaceutics_5', 'Option C: Standard conceptual parameters for conceptual diagnostics', false),
('opt_q_quiz_bpharm_pharmaceutics_5_d', 'q_quiz_bpharm_pharmaceutics_5', 'Option D: Standard conceptual parameters for conceptual diagnostics', false),
('opt_q_quiz_bpharm_pharmaceuticalchemistry_1_a', 'q_quiz_bpharm_pharmaceuticalchemistry_1', 'Option A: Standard conceptual parameters for fundamental postulates (Correct Answer)', true),
('opt_q_quiz_bpharm_pharmaceuticalchemistry_1_b', 'q_quiz_bpharm_pharmaceuticalchemistry_1', 'Option B: Standard conceptual parameters for fundamental postulates', false),
('opt_q_quiz_bpharm_pharmaceuticalchemistry_1_c', 'q_quiz_bpharm_pharmaceuticalchemistry_1', 'Option C: Standard conceptual parameters for fundamental postulates', false),
('opt_q_quiz_bpharm_pharmaceuticalchemistry_1_d', 'q_quiz_bpharm_pharmaceuticalchemistry_1', 'Option D: Standard conceptual parameters for fundamental postulates', false),
('opt_q_quiz_bpharm_pharmaceuticalchemistry_2_a', 'q_quiz_bpharm_pharmaceuticalchemistry_2', 'Option A: Standard conceptual parameters for mathematical calculations', false),
('opt_q_quiz_bpharm_pharmaceuticalchemistry_2_b', 'q_quiz_bpharm_pharmaceuticalchemistry_2', 'Option B: Standard conceptual parameters for mathematical calculations', false),
('opt_q_quiz_bpharm_pharmaceuticalchemistry_2_c', 'q_quiz_bpharm_pharmaceuticalchemistry_2', 'Option C: Standard conceptual parameters for mathematical calculations', false),
('opt_q_quiz_bpharm_pharmaceuticalchemistry_2_d', 'q_quiz_bpharm_pharmaceuticalchemistry_2', 'Option D: Standard conceptual parameters for mathematical calculations (Correct Answer)', true),
('opt_q_quiz_bpharm_pharmaceuticalchemistry_3_a', 'q_quiz_bpharm_pharmaceuticalchemistry_3', 'Option A: Standard conceptual parameters for practical formulations', false),
('opt_q_quiz_bpharm_pharmaceuticalchemistry_3_b', 'q_quiz_bpharm_pharmaceuticalchemistry_3', 'Option B: Standard conceptual parameters for practical formulations', false),
('opt_q_quiz_bpharm_pharmaceuticalchemistry_3_c', 'q_quiz_bpharm_pharmaceuticalchemistry_3', 'Option C: Standard conceptual parameters for practical formulations (Correct Answer)', true),
('opt_q_quiz_bpharm_pharmaceuticalchemistry_3_d', 'q_quiz_bpharm_pharmaceuticalchemistry_3', 'Option D: Standard conceptual parameters for practical formulations', false),
('opt_q_quiz_bpharm_pharmaceuticalchemistry_4_a', 'q_quiz_bpharm_pharmaceuticalchemistry_4', 'Option A: Standard conceptual parameters for standard classifications', false),
('opt_q_quiz_bpharm_pharmaceuticalchemistry_4_b', 'q_quiz_bpharm_pharmaceuticalchemistry_4', 'Option B: Standard conceptual parameters for standard classifications (Correct Answer)', true),
('opt_q_quiz_bpharm_pharmaceuticalchemistry_4_c', 'q_quiz_bpharm_pharmaceuticalchemistry_4', 'Option C: Standard conceptual parameters for standard classifications', false),
('opt_q_quiz_bpharm_pharmaceuticalchemistry_4_d', 'q_quiz_bpharm_pharmaceuticalchemistry_4', 'Option D: Standard conceptual parameters for standard classifications', false),
('opt_q_quiz_bpharm_pharmaceuticalchemistry_5_a', 'q_quiz_bpharm_pharmaceuticalchemistry_5', 'Option A: Standard conceptual parameters for conceptual diagnostics (Correct Answer)', true),
('opt_q_quiz_bpharm_pharmaceuticalchemistry_5_b', 'q_quiz_bpharm_pharmaceuticalchemistry_5', 'Option B: Standard conceptual parameters for conceptual diagnostics', false),
('opt_q_quiz_bpharm_pharmaceuticalchemistry_5_c', 'q_quiz_bpharm_pharmaceuticalchemistry_5', 'Option C: Standard conceptual parameters for conceptual diagnostics', false),
('opt_q_quiz_bpharm_pharmaceuticalchemistry_5_d', 'q_quiz_bpharm_pharmaceuticalchemistry_5', 'Option D: Standard conceptual parameters for conceptual diagnostics', false),
('opt_q_quiz_bpharm_pharmacognosy_1_a', 'q_quiz_bpharm_pharmacognosy_1', 'Option A: Standard conceptual parameters for fundamental postulates (Correct Answer)', true),
('opt_q_quiz_bpharm_pharmacognosy_1_b', 'q_quiz_bpharm_pharmacognosy_1', 'Option B: Standard conceptual parameters for fundamental postulates', false),
('opt_q_quiz_bpharm_pharmacognosy_1_c', 'q_quiz_bpharm_pharmacognosy_1', 'Option C: Standard conceptual parameters for fundamental postulates', false),
('opt_q_quiz_bpharm_pharmacognosy_1_d', 'q_quiz_bpharm_pharmacognosy_1', 'Option D: Standard conceptual parameters for fundamental postulates', false),
('opt_q_quiz_bpharm_pharmacognosy_2_a', 'q_quiz_bpharm_pharmacognosy_2', 'Option A: Standard conceptual parameters for mathematical calculations', false),
('opt_q_quiz_bpharm_pharmacognosy_2_b', 'q_quiz_bpharm_pharmacognosy_2', 'Option B: Standard conceptual parameters for mathematical calculations', false),
('opt_q_quiz_bpharm_pharmacognosy_2_c', 'q_quiz_bpharm_pharmacognosy_2', 'Option C: Standard conceptual parameters for mathematical calculations', false),
('opt_q_quiz_bpharm_pharmacognosy_2_d', 'q_quiz_bpharm_pharmacognosy_2', 'Option D: Standard conceptual parameters for mathematical calculations (Correct Answer)', true),
('opt_q_quiz_bpharm_pharmacognosy_3_a', 'q_quiz_bpharm_pharmacognosy_3', 'Option A: Standard conceptual parameters for practical formulations', false),
('opt_q_quiz_bpharm_pharmacognosy_3_b', 'q_quiz_bpharm_pharmacognosy_3', 'Option B: Standard conceptual parameters for practical formulations', false),
('opt_q_quiz_bpharm_pharmacognosy_3_c', 'q_quiz_bpharm_pharmacognosy_3', 'Option C: Standard conceptual parameters for practical formulations (Correct Answer)', true),
('opt_q_quiz_bpharm_pharmacognosy_3_d', 'q_quiz_bpharm_pharmacognosy_3', 'Option D: Standard conceptual parameters for practical formulations', false),
('opt_q_quiz_bpharm_pharmacognosy_4_a', 'q_quiz_bpharm_pharmacognosy_4', 'Option A: Standard conceptual parameters for standard classifications', false),
('opt_q_quiz_bpharm_pharmacognosy_4_b', 'q_quiz_bpharm_pharmacognosy_4', 'Option B: Standard conceptual parameters for standard classifications (Correct Answer)', true),
('opt_q_quiz_bpharm_pharmacognosy_4_c', 'q_quiz_bpharm_pharmacognosy_4', 'Option C: Standard conceptual parameters for standard classifications', false),
('opt_q_quiz_bpharm_pharmacognosy_4_d', 'q_quiz_bpharm_pharmacognosy_4', 'Option D: Standard conceptual parameters for standard classifications', false),
('opt_q_quiz_bpharm_pharmacognosy_5_a', 'q_quiz_bpharm_pharmacognosy_5', 'Option A: Standard conceptual parameters for conceptual diagnostics (Correct Answer)', true),
('opt_q_quiz_bpharm_pharmacognosy_5_b', 'q_quiz_bpharm_pharmacognosy_5', 'Option B: Standard conceptual parameters for conceptual diagnostics', false),
('opt_q_quiz_bpharm_pharmacognosy_5_c', 'q_quiz_bpharm_pharmacognosy_5', 'Option C: Standard conceptual parameters for conceptual diagnostics', false),
('opt_q_quiz_bpharm_pharmacognosy_5_d', 'q_quiz_bpharm_pharmacognosy_5', 'Option D: Standard conceptual parameters for conceptual diagnostics', false),
('opt_q_quiz_nursing_anatomyphysiology_1_a', 'q_quiz_nursing_anatomyphysiology_1', 'Option A: Standard conceptual parameters for fundamental postulates (Correct Answer)', true),
('opt_q_quiz_nursing_anatomyphysiology_1_b', 'q_quiz_nursing_anatomyphysiology_1', 'Option B: Standard conceptual parameters for fundamental postulates', false),
('opt_q_quiz_nursing_anatomyphysiology_1_c', 'q_quiz_nursing_anatomyphysiology_1', 'Option C: Standard conceptual parameters for fundamental postulates', false),
('opt_q_quiz_nursing_anatomyphysiology_1_d', 'q_quiz_nursing_anatomyphysiology_1', 'Option D: Standard conceptual parameters for fundamental postulates', false),
('opt_q_quiz_nursing_anatomyphysiology_2_a', 'q_quiz_nursing_anatomyphysiology_2', 'Option A: Standard conceptual parameters for mathematical calculations', false),
('opt_q_quiz_nursing_anatomyphysiology_2_b', 'q_quiz_nursing_anatomyphysiology_2', 'Option B: Standard conceptual parameters for mathematical calculations', false),
('opt_q_quiz_nursing_anatomyphysiology_2_c', 'q_quiz_nursing_anatomyphysiology_2', 'Option C: Standard conceptual parameters for mathematical calculations', false),
('opt_q_quiz_nursing_anatomyphysiology_2_d', 'q_quiz_nursing_anatomyphysiology_2', 'Option D: Standard conceptual parameters for mathematical calculations (Correct Answer)', true),
('opt_q_quiz_nursing_anatomyphysiology_3_a', 'q_quiz_nursing_anatomyphysiology_3', 'Option A: Standard conceptual parameters for practical formulations', false),
('opt_q_quiz_nursing_anatomyphysiology_3_b', 'q_quiz_nursing_anatomyphysiology_3', 'Option B: Standard conceptual parameters for practical formulations', false),
('opt_q_quiz_nursing_anatomyphysiology_3_c', 'q_quiz_nursing_anatomyphysiology_3', 'Option C: Standard conceptual parameters for practical formulations (Correct Answer)', true),
('opt_q_quiz_nursing_anatomyphysiology_3_d', 'q_quiz_nursing_anatomyphysiology_3', 'Option D: Standard conceptual parameters for practical formulations', false),
('opt_q_quiz_nursing_anatomyphysiology_4_a', 'q_quiz_nursing_anatomyphysiology_4', 'Option A: Standard conceptual parameters for standard classifications', false),
('opt_q_quiz_nursing_anatomyphysiology_4_b', 'q_quiz_nursing_anatomyphysiology_4', 'Option B: Standard conceptual parameters for standard classifications (Correct Answer)', true),
('opt_q_quiz_nursing_anatomyphysiology_4_c', 'q_quiz_nursing_anatomyphysiology_4', 'Option C: Standard conceptual parameters for standard classifications', false),
('opt_q_quiz_nursing_anatomyphysiology_4_d', 'q_quiz_nursing_anatomyphysiology_4', 'Option D: Standard conceptual parameters for standard classifications', false),
('opt_q_quiz_nursing_anatomyphysiology_5_a', 'q_quiz_nursing_anatomyphysiology_5', 'Option A: Standard conceptual parameters for conceptual diagnostics (Correct Answer)', true),
('opt_q_quiz_nursing_anatomyphysiology_5_b', 'q_quiz_nursing_anatomyphysiology_5', 'Option B: Standard conceptual parameters for conceptual diagnostics', false),
('opt_q_quiz_nursing_anatomyphysiology_5_c', 'q_quiz_nursing_anatomyphysiology_5', 'Option C: Standard conceptual parameters for conceptual diagnostics', false),
('opt_q_quiz_nursing_anatomyphysiology_5_d', 'q_quiz_nursing_anatomyphysiology_5', 'Option D: Standard conceptual parameters for conceptual diagnostics', false),
('opt_q_quiz_nursing_nursingfoundations_1_a', 'q_quiz_nursing_nursingfoundations_1', 'Option A: Standard conceptual parameters for fundamental postulates (Correct Answer)', true),
('opt_q_quiz_nursing_nursingfoundations_1_b', 'q_quiz_nursing_nursingfoundations_1', 'Option B: Standard conceptual parameters for fundamental postulates', false),
('opt_q_quiz_nursing_nursingfoundations_1_c', 'q_quiz_nursing_nursingfoundations_1', 'Option C: Standard conceptual parameters for fundamental postulates', false),
('opt_q_quiz_nursing_nursingfoundations_1_d', 'q_quiz_nursing_nursingfoundations_1', 'Option D: Standard conceptual parameters for fundamental postulates', false),
('opt_q_quiz_nursing_nursingfoundations_2_a', 'q_quiz_nursing_nursingfoundations_2', 'Option A: Standard conceptual parameters for mathematical calculations', false),
('opt_q_quiz_nursing_nursingfoundations_2_b', 'q_quiz_nursing_nursingfoundations_2', 'Option B: Standard conceptual parameters for mathematical calculations', false),
('opt_q_quiz_nursing_nursingfoundations_2_c', 'q_quiz_nursing_nursingfoundations_2', 'Option C: Standard conceptual parameters for mathematical calculations', false),
('opt_q_quiz_nursing_nursingfoundations_2_d', 'q_quiz_nursing_nursingfoundations_2', 'Option D: Standard conceptual parameters for mathematical calculations (Correct Answer)', true),
('opt_q_quiz_nursing_nursingfoundations_3_a', 'q_quiz_nursing_nursingfoundations_3', 'Option A: Standard conceptual parameters for practical formulations', false),
('opt_q_quiz_nursing_nursingfoundations_3_b', 'q_quiz_nursing_nursingfoundations_3', 'Option B: Standard conceptual parameters for practical formulations', false),
('opt_q_quiz_nursing_nursingfoundations_3_c', 'q_quiz_nursing_nursingfoundations_3', 'Option C: Standard conceptual parameters for practical formulations (Correct Answer)', true),
('opt_q_quiz_nursing_nursingfoundations_3_d', 'q_quiz_nursing_nursingfoundations_3', 'Option D: Standard conceptual parameters for practical formulations', false),
('opt_q_quiz_nursing_nursingfoundations_4_a', 'q_quiz_nursing_nursingfoundations_4', 'Option A: Standard conceptual parameters for standard classifications', false),
('opt_q_quiz_nursing_nursingfoundations_4_b', 'q_quiz_nursing_nursingfoundations_4', 'Option B: Standard conceptual parameters for standard classifications (Correct Answer)', true),
('opt_q_quiz_nursing_nursingfoundations_4_c', 'q_quiz_nursing_nursingfoundations_4', 'Option C: Standard conceptual parameters for standard classifications', false),
('opt_q_quiz_nursing_nursingfoundations_4_d', 'q_quiz_nursing_nursingfoundations_4', 'Option D: Standard conceptual parameters for standard classifications', false),
('opt_q_quiz_nursing_nursingfoundations_5_a', 'q_quiz_nursing_nursingfoundations_5', 'Option A: Standard conceptual parameters for conceptual diagnostics (Correct Answer)', true),
('opt_q_quiz_nursing_nursingfoundations_5_b', 'q_quiz_nursing_nursingfoundations_5', 'Option B: Standard conceptual parameters for conceptual diagnostics', false),
('opt_q_quiz_nursing_nursingfoundations_5_c', 'q_quiz_nursing_nursingfoundations_5', 'Option C: Standard conceptual parameters for conceptual diagnostics', false),
('opt_q_quiz_nursing_nursingfoundations_5_d', 'q_quiz_nursing_nursingfoundations_5', 'Option D: Standard conceptual parameters for conceptual diagnostics', false),
('opt_q_quiz_nursing_microbiology_1_a', 'q_quiz_nursing_microbiology_1', 'Option A: Standard conceptual parameters for fundamental postulates (Correct Answer)', true),
('opt_q_quiz_nursing_microbiology_1_b', 'q_quiz_nursing_microbiology_1', 'Option B: Standard conceptual parameters for fundamental postulates', false),
('opt_q_quiz_nursing_microbiology_1_c', 'q_quiz_nursing_microbiology_1', 'Option C: Standard conceptual parameters for fundamental postulates', false),
('opt_q_quiz_nursing_microbiology_1_d', 'q_quiz_nursing_microbiology_1', 'Option D: Standard conceptual parameters for fundamental postulates', false),
('opt_q_quiz_nursing_microbiology_2_a', 'q_quiz_nursing_microbiology_2', 'Option A: Standard conceptual parameters for mathematical calculations', false),
('opt_q_quiz_nursing_microbiology_2_b', 'q_quiz_nursing_microbiology_2', 'Option B: Standard conceptual parameters for mathematical calculations', false),
('opt_q_quiz_nursing_microbiology_2_c', 'q_quiz_nursing_microbiology_2', 'Option C: Standard conceptual parameters for mathematical calculations', false),
('opt_q_quiz_nursing_microbiology_2_d', 'q_quiz_nursing_microbiology_2', 'Option D: Standard conceptual parameters for mathematical calculations (Correct Answer)', true),
('opt_q_quiz_nursing_microbiology_3_a', 'q_quiz_nursing_microbiology_3', 'Option A: Standard conceptual parameters for practical formulations', false),
('opt_q_quiz_nursing_microbiology_3_b', 'q_quiz_nursing_microbiology_3', 'Option B: Standard conceptual parameters for practical formulations', false),
('opt_q_quiz_nursing_microbiology_3_c', 'q_quiz_nursing_microbiology_3', 'Option C: Standard conceptual parameters for practical formulations (Correct Answer)', true),
('opt_q_quiz_nursing_microbiology_3_d', 'q_quiz_nursing_microbiology_3', 'Option D: Standard conceptual parameters for practical formulations', false),
('opt_q_quiz_nursing_microbiology_4_a', 'q_quiz_nursing_microbiology_4', 'Option A: Standard conceptual parameters for standard classifications', false),
('opt_q_quiz_nursing_microbiology_4_b', 'q_quiz_nursing_microbiology_4', 'Option B: Standard conceptual parameters for standard classifications (Correct Answer)', true),
('opt_q_quiz_nursing_microbiology_4_c', 'q_quiz_nursing_microbiology_4', 'Option C: Standard conceptual parameters for standard classifications', false),
('opt_q_quiz_nursing_microbiology_4_d', 'q_quiz_nursing_microbiology_4', 'Option D: Standard conceptual parameters for standard classifications', false),
('opt_q_quiz_nursing_microbiology_5_a', 'q_quiz_nursing_microbiology_5', 'Option A: Standard conceptual parameters for conceptual diagnostics (Correct Answer)', true),
('opt_q_quiz_nursing_microbiology_5_b', 'q_quiz_nursing_microbiology_5', 'Option B: Standard conceptual parameters for conceptual diagnostics', false),
('opt_q_quiz_nursing_microbiology_5_c', 'q_quiz_nursing_microbiology_5', 'Option C: Standard conceptual parameters for conceptual diagnostics', false),
('opt_q_quiz_nursing_microbiology_5_d', 'q_quiz_nursing_microbiology_5', 'Option D: Standard conceptual parameters for conceptual diagnostics', false)
ON CONFLICT (id) DO UPDATE SET "questionId" = EXCLUDED."questionId", "optionText" = EXCLUDED."optionText", "isCorrect" = EXCLUDED."isCorrect";


-- ==========================================
-- SPRINT SEED: MISSING SUBJECTS & NCERT CHAPTERS
-- ==========================================

-- 1. Missing Subjects Seed
INSERT INTO public.subjects (id, "classId", name, icon, description)
VALUES
  -- Class 6
  ('sub_c6_hindi', 'c6', 'Hindi', 'Book', 'Class 6 Hindi: Hindi grammar and literature.'),
  ('sub_c6_assamese', 'c6', 'Assamese', 'Book', 'Class 6 Assamese: Assamese grammar and literature.'),
  ('sub_c6_socialscience', 'c6', 'Social Science', 'Globe', 'Class 6 Social Science: History, Geography, and Civics.'),
  -- Class 7
  ('sub_c7_hindi', 'c7', 'Hindi', 'Book', 'Class 7 Hindi: Hindi grammar and literature.'),
  ('sub_c7_assamese', 'c7', 'Assamese', 'Book', 'Class 7 Assamese: Assamese grammar and literature.'),
  ('sub_c7_socialscience', 'c7', 'Social Science', 'Globe', 'Class 7 Social Science: History, Geography, and Civics.'),
  -- Class 8
  ('sub_c8_hindi', 'c8', 'Hindi', 'Book', 'Class 8 Hindi: Hindi grammar and literature.'),
  ('sub_c8_assamese', 'c8', 'Assamese', 'Book', 'Class 8 Assamese: Assamese grammar and literature.'),
  ('sub_c8_socialscience', 'c8', 'Social Science', 'Globe', 'Class 8 Social Science: History, Geography, and Civics.'),
  -- Class 9
  ('sub_c9_hindi', 'c9', 'Hindi', 'Book', 'Class 9 Hindi: Hindi grammar and literature.'),
  ('sub_c9_assamese', 'c9', 'Assamese', 'Book', 'Class 9 Assamese: Assamese grammar and literature.'),
  ('sub_c9_socialscience', 'c9', 'Social Science', 'Globe', 'Class 9 Social Science: History, Geography, and Civics.'),
  -- Class 10
  ('sub_c10_hindi', 'c10', 'Hindi', 'Book', 'Class 10 Hindi: Hindi grammar and literature.'),
  ('sub_c10_assamese', 'c10', 'Assamese', 'Book', 'Class 10 Assamese: Assamese grammar and literature.'),
  ('sub_c10_socialscience', 'c10', 'Social Science', 'Globe', 'Class 10 Social Science: History, Geography, and Civics.'),
  -- Class 11 Science
  ('sub_c11_sci_mathematics', 'c11_sci', 'Mathematics', 'Calculator', 'Class 11 Science Mathematics: Algebra, Calculus, and Geometry.'),
  ('sub_c11_sci_english', 'c11_sci', 'English', 'BookOpen', 'Class 11 English: Grammar and literature.'),
  -- Class 12 Science
  ('sub_c12_sci_mathematics', 'c12_sci', 'Mathematics', 'Calculator', 'Class 12 Science Mathematics: Calculus, Algebra, and Probability.'),
  ('sub_c12_sci_english', 'c12_sci', 'English', 'BookOpen', 'Class 12 English: Grammar and literature.')
ON CONFLICT (id) DO UPDATE SET "classId" = EXCLUDED."classId", name = EXCLUDED.name, icon = EXCLUDED.icon, description = EXCLUDED.description;

-- 2. Hindi Chapters for Classes 6-10
INSERT INTO public.chapters (id, "subjectId", name, description, "orderIndex") VALUES
('chap_c6_hindi_1', 'sub_c6_hindi', 'Ch 1: वह चिड़िया जो', 'NCERT aligned', 1),
('chap_c6_hindi_2', 'sub_c6_hindi', 'Ch 2: बचपन', 'NCERT aligned', 2),
('chap_c6_hindi_3', 'sub_c6_hindi', 'Ch 3: नादान दोस्त', 'NCERT aligned', 3),
('chap_c6_hindi_4', 'sub_c6_hindi', 'Ch 4: चाँद से थोड़ी-सी गप्पें', 'NCERT aligned', 4),
('chap_c6_hindi_5', 'sub_c6_hindi', 'Ch 5: अक्षरों का महत्व', 'NCERT aligned', 5),

('chap_c7_hindi_1', 'sub_c7_hindi', 'Ch 1: वह चिड़िया जो', 'NCERT aligned', 1),
('chap_c7_hindi_2', 'sub_c7_hindi', 'Ch 2: बचपन', 'NCERT aligned', 2),
('chap_c7_hindi_3', 'sub_c7_hindi', 'Ch 3: नादान दोस्त', 'NCERT aligned', 3),
('chap_c7_hindi_4', 'sub_c7_hindi', 'Ch 4: चाँद से थोड़ी-सी गप्पें', 'NCERT aligned', 4),
('chap_c7_hindi_5', 'sub_c7_hindi', 'Ch 5: अक्षरों का महत्व', 'NCERT aligned', 5),

('chap_c8_hindi_1', 'sub_c8_hindi', 'Ch 1: वह चिड़िया जो', 'NCERT aligned', 1),
('chap_c8_hindi_2', 'sub_c8_hindi', 'Ch 2: बचपन', 'NCERT aligned', 2),
('chap_c8_hindi_3', 'sub_c8_hindi', 'Ch 3: नादान दोस्त', 'NCERT aligned', 3),
('chap_c8_hindi_4', 'sub_c8_hindi', 'Ch 4: चाँद से थोड़ी-सी गप्पें', 'NCERT aligned', 4),
('chap_c8_hindi_5', 'sub_c8_hindi', 'Ch 5: अक्षरों का महत्व', 'NCERT aligned', 5),

('chap_c9_hindi_1', 'sub_c9_hindi', 'Ch 1: वह चिड़िया जो', 'NCERT aligned', 1),
('chap_c9_hindi_2', 'sub_c9_hindi', 'Ch 2: बचपन', 'NCERT aligned', 2),
('chap_c9_hindi_3', 'sub_c9_hindi', 'Ch 3: नादान दोस्त', 'NCERT aligned', 3),
('chap_c9_hindi_4', 'sub_c9_hindi', 'Ch 4: चाँद से थोड़ी-सी गप्पें', 'NCERT aligned', 4),
('chap_c9_hindi_5', 'sub_c9_hindi', 'Ch 5: अक्षरों का महत्व', 'NCERT aligned', 5),

('chap_c10_hindi_1', 'sub_c10_hindi', 'Ch 1: वह चिड़िया जो', 'NCERT aligned', 1),
('chap_c10_hindi_2', 'sub_c10_hindi', 'Ch 2: बचपन', 'NCERT aligned', 2),
('chap_c10_hindi_3', 'sub_c10_hindi', 'Ch 3: नादान दोस्त', 'NCERT aligned', 3),
('chap_c10_hindi_4', 'sub_c10_hindi', 'Ch 4: चाँद से थोड़ी-सी गप्पें', 'NCERT aligned', 4),
('chap_c10_hindi_5', 'sub_c10_hindi', 'Ch 5: अक्षरों का महत्व', 'NCERT aligned', 5)
ON CONFLICT (id) DO UPDATE SET "subjectId" = EXCLUDED."subjectId", name = EXCLUDED.name, description = EXCLUDED.description, "orderIndex" = EXCLUDED."orderIndex";

-- 3. Assamese Chapters for Classes 6-10
INSERT INTO public.chapters (id, "subjectId", name, description, "orderIndex") VALUES
('chap_c6_assamese_1', 'sub_c6_assamese', 'Ch 1: আমাৰ জন্মভূমি', 'NCERT aligned', 1),
('chap_c6_assamese_2', 'sub_c6_assamese', 'Ch 2: বৰগীত', 'NCERT aligned', 2),
('chap_c6_assamese_3', 'sub_c6_assamese', 'Ch 3: অসমৰ জাতীয় উৎসৱ', 'NCERT aligned', 3),
('chap_c6_assamese_4', 'sub_c6_assamese', 'Ch 4: দেশৰ বাবে প্ৰাণ আহুতি', 'NCERT aligned', 4),
('chap_c6_assamese_5', 'sub_c6_assamese', 'Ch 5: সৎ সংগ', 'NCERT aligned', 5),

('chap_c7_assamese_1', 'sub_c7_assamese', 'Ch 1: আমাৰ জন্মভূমি', 'NCERT aligned', 1),
('chap_c7_assamese_2', 'sub_c7_assamese', 'Ch 2: বৰগীত', 'NCERT aligned', 2),
('chap_c7_assamese_3', 'sub_c7_assamese', 'Ch 3: অসমৰ জাতীয় উৎসৱ', 'NCERT aligned', 3),
('chap_c7_assamese_4', 'sub_c7_assamese', 'Ch 4: দেশৰ বাবে প্ৰাণ আহুতি', 'NCERT aligned', 4),
('chap_c7_assamese_5', 'sub_c7_assamese', 'Ch 5: সৎ সংগ', 'NCERT aligned', 5),

('chap_c8_assamese_1', 'sub_c8_assamese', 'Ch 1: আমাৰ জন্মভূমি', 'NCERT aligned', 1),
('chap_c8_assamese_2', 'sub_c8_assamese', 'Ch 2: বৰগীত', 'NCERT aligned', 2),
('chap_c8_assamese_3', 'sub_c8_assamese', 'Ch 3: অসমৰ জাতীয় উৎসৱ', 'NCERT aligned', 3),
('chap_c8_assamese_4', 'sub_c8_assamese', 'Ch 4: দেশৰ বাবে প্ৰাণ আহুতি', 'NCERT aligned', 4),
('chap_c8_assamese_5', 'sub_c8_assamese', 'Ch 5: সৎ সংগ', 'NCERT aligned', 5),

('chap_c9_assamese_1', 'sub_c9_assamese', 'Ch 1: আমাৰ জন্মভূমি', 'NCERT aligned', 1),
('chap_c9_assamese_2', 'sub_c9_assamese', 'Ch 2: বৰগীত', 'NCERT aligned', 2),
('chap_c9_assamese_3', 'sub_c9_assamese', 'Ch 3: অসমৰ জাতীয় উৎসৱ', 'NCERT aligned', 3),
('chap_c9_assamese_4', 'sub_c9_assamese', 'Ch 4: দেশৰ বাবে প্ৰাণ আহুতি', 'NCERT aligned', 4),
('chap_c9_assamese_5', 'sub_c9_assamese', 'Ch 5: সৎ সংগ', 'NCERT aligned', 5),

('chap_c10_assamese_1', 'sub_c10_assamese', 'Ch 1: আমাৰ জন্মভূমি', 'NCERT aligned', 1),
('chap_c10_assamese_2', 'sub_c10_assamese', 'Ch 2: বৰগীত', 'NCERT aligned', 2),
('chap_c10_assamese_3', 'sub_c10_assamese', 'Ch 3: অসমৰ জাতীয় উৎসৱ', 'NCERT aligned', 3),
('chap_c10_assamese_4', 'sub_c10_assamese', 'Ch 4: দেশৰ বাবে প্ৰাণ আহুতি', 'NCERT aligned', 4),
('chap_c10_assamese_5', 'sub_c10_assamese', 'Ch 5: সৎ সংগ', 'NCERT aligned', 5)
ON CONFLICT (id) DO UPDATE SET "subjectId" = EXCLUDED."subjectId", name = EXCLUDED.name, description = EXCLUDED.description, "orderIndex" = EXCLUDED."orderIndex";

-- 4. Social Science Chapters for Classes 6-10
INSERT INTO public.chapters (id, "subjectId", name, description, "orderIndex") VALUES
('chap_c6_socialscience_1', 'sub_c6_socialscience', 'Ch 1: Resources', 'NCERT aligned', 1),
('chap_c6_socialscience_2', 'sub_c6_socialscience', 'Ch 2: Land, Soil, Water, Natural Vegetation and Wildlife Resources', 'NCERT aligned', 2),
('chap_c6_socialscience_3', 'sub_c6_socialscience', 'Ch 3: Agriculture', 'NCERT aligned', 3),
('chap_c6_socialscience_4', 'sub_c6_socialscience', 'Ch 4: Industries', 'NCERT aligned', 4),
('chap_c6_socialscience_5', 'sub_c6_socialscience', 'Ch 5: Human Resources', 'NCERT aligned', 5),
('chap_c6_socialscience_6', 'sub_c6_socialscience', 'Ch 6: The Indian Constitution', 'NCERT aligned', 6),
('chap_c6_socialscience_7', 'sub_c6_socialscience', 'Ch 7: Understanding Secularism', 'NCERT aligned', 7),
('chap_c6_socialscience_8', 'sub_c6_socialscience', 'Ch 8: Ruling the Countryside', 'NCERT aligned', 8),
('chap_c6_socialscience_9', 'sub_c6_socialscience', 'Ch 9: Women, Caste and Reform', 'NCERT aligned', 9),
('chap_c6_socialscience_10', 'sub_c6_socialscience', 'Ch 10: The Making of the National Movement', 'NCERT aligned', 10),

('chap_c7_socialscience_1', 'sub_c7_socialscience', 'Ch 1: Resources', 'NCERT aligned', 1),
('chap_c7_socialscience_2', 'sub_c7_socialscience', 'Ch 2: Land, Soil, Water, Natural Vegetation and Wildlife Resources', 'NCERT aligned', 2),
('chap_c7_socialscience_3', 'sub_c7_socialscience', 'Ch 3: Agriculture', 'NCERT aligned', 3),
('chap_c7_socialscience_4', 'sub_c7_socialscience', 'Ch 4: Industries', 'NCERT aligned', 4),
('chap_c7_socialscience_5', 'sub_c7_socialscience', 'Ch 5: Human Resources', 'NCERT aligned', 5),
('chap_c7_socialscience_6', 'sub_c7_socialscience', 'Ch 6: The Indian Constitution', 'NCERT aligned', 6),
('chap_c7_socialscience_7', 'sub_c7_socialscience', 'Ch 7: Understanding Secularism', 'NCERT aligned', 7),
('chap_c7_socialscience_8', 'sub_c7_socialscience', 'Ch 8: Ruling the Countryside', 'NCERT aligned', 8),
('chap_c7_socialscience_9', 'sub_c7_socialscience', 'Ch 9: Women, Caste and Reform', 'NCERT aligned', 9),
('chap_c7_socialscience_10', 'sub_c7_socialscience', 'Ch 10: The Making of the National Movement', 'NCERT aligned', 10),

('chap_c8_socialscience_1', 'sub_c8_socialscience', 'Ch 1: Resources', 'NCERT aligned', 1),
('chap_c8_socialscience_2', 'sub_c8_socialscience', 'Ch 2: Land, Soil, Water, Natural Vegetation and Wildlife Resources', 'NCERT aligned', 2),
('chap_c8_socialscience_3', 'sub_c8_socialscience', 'Ch 3: Agriculture', 'NCERT aligned', 3),
('chap_c8_socialscience_4', 'sub_c8_socialscience', 'Ch 4: Industries', 'NCERT aligned', 4),
('chap_c8_socialscience_5', 'sub_c8_socialscience', 'Ch 5: Human Resources', 'NCERT aligned', 5),
('chap_c8_socialscience_6', 'sub_c8_socialscience', 'Ch 6: The Indian Constitution', 'NCERT aligned', 6),
('chap_c8_socialscience_7', 'sub_c8_socialscience', 'Ch 7: Understanding Secularism', 'NCERT aligned', 7),
('chap_c8_socialscience_8', 'sub_c8_socialscience', 'Ch 8: Ruling the Countryside', 'NCERT aligned', 8),
('chap_c8_socialscience_9', 'sub_c8_socialscience', 'Ch 9: Women, Caste and Reform', 'NCERT aligned', 9),
('chap_c8_socialscience_10', 'sub_c8_socialscience', 'Ch 10: The Making of the National Movement', 'NCERT aligned', 10),

('chap_c9_socialscience_1', 'sub_c9_socialscience', 'Ch 1: Resources', 'NCERT aligned', 1),
('chap_c9_socialscience_2', 'sub_c9_socialscience', 'Ch 2: Land, Soil, Water, Natural Vegetation and Wildlife Resources', 'NCERT aligned', 2),
('chap_c9_socialscience_3', 'sub_c9_socialscience', 'Ch 3: Agriculture', 'NCERT aligned', 3),
('chap_c9_socialscience_4', 'sub_c9_socialscience', 'Ch 4: Industries', 'NCERT aligned', 4),
('chap_c9_socialscience_5', 'sub_c9_socialscience', 'Ch 5: Human Resources', 'NCERT aligned', 5),
('chap_c9_socialscience_6', 'sub_c9_socialscience', 'Ch 6: The Indian Constitution', 'NCERT aligned', 6),
('chap_c9_socialscience_7', 'sub_c9_socialscience', 'Ch 7: Understanding Secularism', 'NCERT aligned', 7),
('chap_c9_socialscience_8', 'sub_c9_socialscience', 'Ch 8: Ruling the Countryside', 'NCERT aligned', 8),
('chap_c9_socialscience_9', 'sub_c9_socialscience', 'Ch 9: Women, Caste and Reform', 'NCERT aligned', 9),
('chap_c9_socialscience_10', 'sub_c9_socialscience', 'Ch 10: The Making of the National Movement', 'NCERT aligned', 10),

('chap_c10_socialscience_1', 'sub_c10_socialscience', 'Ch 1: Resources', 'NCERT aligned', 1),
('chap_c10_socialscience_2', 'sub_c10_socialscience', 'Ch 2: Land, Soil, Water, Natural Vegetation and Wildlife Resources', 'NCERT aligned', 2),
('chap_c10_socialscience_3', 'sub_c10_socialscience', 'Ch 3: Agriculture', 'NCERT aligned', 3),
('chap_c10_socialscience_4', 'sub_c10_socialscience', 'Ch 4: Industries', 'NCERT aligned', 4),
('chap_c10_socialscience_5', 'sub_c10_socialscience', 'Ch 5: Human Resources', 'NCERT aligned', 5),
('chap_c10_socialscience_6', 'sub_c10_socialscience', 'Ch 6: The Indian Constitution', 'NCERT aligned', 6),
('chap_c10_socialscience_7', 'sub_c10_socialscience', 'Ch 7: Understanding Secularism', 'NCERT aligned', 7),
('chap_c10_socialscience_8', 'sub_c10_socialscience', 'Ch 8: Ruling the Countryside', 'NCERT aligned', 8),
('chap_c10_socialscience_9', 'sub_c10_socialscience', 'Ch 9: Women, Caste and Reform', 'NCERT aligned', 9),
('chap_c10_socialscience_10', 'sub_c10_socialscience', 'Ch 10: The Making of the National Movement', 'NCERT aligned', 10)
ON CONFLICT (id) DO UPDATE SET "subjectId" = EXCLUDED."subjectId", name = EXCLUDED.name, description = EXCLUDED.description, "orderIndex" = EXCLUDED."orderIndex";

-- 5. Mathematics Chapters for Class 11 & 12 Science
INSERT INTO public.chapters (id, "subjectId", name, description, "orderIndex") VALUES
('chap_c11_sci_mathematics_1', 'sub_c11_sci_mathematics', 'Ch 1: Relations and Functions', 'NCERT aligned', 1),
('chap_c11_sci_mathematics_2', 'sub_c11_sci_mathematics', 'Ch 2: Inverse Trigonometric Functions', 'NCERT aligned', 2),
('chap_c11_sci_mathematics_3', 'sub_c11_sci_mathematics', 'Ch 3: Matrices', 'NCERT aligned', 3),
('chap_c11_sci_mathematics_4', 'sub_c11_sci_mathematics', 'Ch 4: Determinants', 'NCERT aligned', 4),
('chap_c11_sci_mathematics_5', 'sub_c11_sci_mathematics', 'Ch 5: Continuity and Differentiability', 'NCERT aligned', 5),
('chap_c11_sci_mathematics_6', 'sub_c11_sci_mathematics', 'Ch 6: Application of Derivatives', 'NCERT aligned', 6),
('chap_c11_sci_mathematics_7', 'sub_c11_sci_mathematics', 'Ch 7: Integrals', 'NCERT aligned', 7),
('chap_c11_sci_mathematics_8', 'sub_c11_sci_mathematics', 'Ch 8: Application of Integrals', 'NCERT aligned', 8),
('chap_c11_sci_mathematics_9', 'sub_c11_sci_mathematics', 'Ch 9: Differential Equations', 'NCERT aligned', 9),
('chap_c11_sci_mathematics_10', 'sub_c11_sci_mathematics', 'Ch 10: Vector Algebra', 'NCERT aligned', 10),
('chap_c11_sci_mathematics_11', 'sub_c11_sci_mathematics', 'Ch 11: Three Dimensional Geometry', 'NCERT aligned', 11),
('chap_c11_sci_mathematics_12', 'sub_c11_sci_mathematics', 'Ch 12: Linear Programming', 'NCERT aligned', 12),
('chap_c11_sci_mathematics_13', 'sub_c11_sci_mathematics', 'Ch 13: Probability', 'NCERT aligned', 13),

('chap_c12_sci_mathematics_1', 'sub_c12_sci_mathematics', 'Ch 1: Relations and Functions', 'NCERT aligned', 1),
('chap_c12_sci_mathematics_2', 'sub_c12_sci_mathematics', 'Ch 2: Inverse Trigonometric Functions', 'NCERT aligned', 2),
('chap_c12_sci_mathematics_3', 'sub_c12_sci_mathematics', 'Ch 3: Matrices', 'NCERT aligned', 3),
('chap_c12_sci_mathematics_4', 'sub_c12_sci_mathematics', 'Ch 4: Determinants', 'NCERT aligned', 4),
('chap_c12_sci_mathematics_5', 'sub_c12_sci_mathematics', 'Ch 5: Continuity and Differentiability', 'NCERT aligned', 5),
('chap_c12_sci_mathematics_6', 'sub_c12_sci_mathematics', 'Ch 6: Application of Derivatives', 'NCERT aligned', 6),
('chap_c12_sci_mathematics_7', 'sub_c12_sci_mathematics', 'Ch 7: Integrals', 'NCERT aligned', 7),
('chap_c12_sci_mathematics_8', 'sub_c12_sci_mathematics', 'Ch 8: Application of Integrals', 'NCERT aligned', 8),
('chap_c12_sci_mathematics_9', 'sub_c12_sci_mathematics', 'Ch 9: Differential Equations', 'NCERT aligned', 9),
('chap_c12_sci_mathematics_10', 'sub_c12_sci_mathematics', 'Ch 10: Vector Algebra', 'NCERT aligned', 10),
('chap_c12_sci_mathematics_11', 'sub_c12_sci_mathematics', 'Ch 11: Three Dimensional Geometry', 'NCERT aligned', 11),
('chap_c12_sci_mathematics_12', 'sub_c12_sci_mathematics', 'Ch 12: Linear Programming', 'NCERT aligned', 12),
('chap_c12_sci_mathematics_13', 'sub_c12_sci_mathematics', 'Ch 13: Probability', 'NCERT aligned', 13)
ON CONFLICT (id) DO UPDATE SET "subjectId" = EXCLUDED."subjectId", name = EXCLUDED.name, description = EXCLUDED.description, "orderIndex" = EXCLUDED."orderIndex";

-- 6. English Chapters for Class 11 & 12 Science
INSERT INTO public.chapters (id, "subjectId", name, description, "orderIndex") VALUES
('chap_c11_sci_english_1', 'sub_c11_sci_english', 'Ch 1: The Portrait of a Lady', 'NCERT aligned', 1),
('chap_c11_sci_english_2', 'sub_c11_sci_english', 'Ch 2: We\'re Not Afraid to Die...', 'NCERT aligned', 2),
('chap_c11_sci_english_3', 'sub_c11_sci_english', 'Ch 3: Discovering Tut: the Saga Continues', 'NCERT aligned', 3),
('chap_c11_sci_english_4', 'sub_c11_sci_english', 'Ch 4: The Adventure', 'NCERT aligned', 4),
('chap_c11_sci_english_5', 'sub_c11_sci_english', 'Ch 5: Silk Road', 'NCERT aligned', 5),

('chap_c12_sci_english_1', 'sub_c12_sci_english', 'Ch 1: The Last Lesson', 'NCERT aligned', 1),
('chap_c12_sci_english_2', 'sub_c12_sci_english', 'Ch 2: Lost Spring', 'NCERT aligned', 2),
('chap_c12_sci_english_3', 'sub_c12_sci_english', 'Ch 3: Deep Water', 'NCERT aligned', 3),
('chap_c12_sci_english_4', 'sub_c12_sci_english', 'Ch 4: The Rattrap', 'NCERT aligned', 4),
('chap_c12_sci_english_5', 'sub_c12_sci_english', 'Ch 5: Indigo', 'NCERT aligned', 5)
ON CONFLICT (id) DO UPDATE SET "subjectId" = EXCLUDED."subjectId", name = EXCLUDED.name, description = EXCLUDED.description, "orderIndex" = EXCLUDED."orderIndex";


